{"stats":{"minecraft:killed":{"duckensinvasion:footsoldier_duck":4,"minecraft:spider":1,"world:appleant_2":7,"minecraft:skeleton":1,"world:ent":1,"world:goblin":1,"world:dryad_2":1,"minecraft:creeper":1,"duckensinvasion:axethrower":1,"minecraft:pillager":3,"minecraft:zombie":11,"world:centaur":1,"minecraft:enderman":1},"minecraft:killed_by":{"minecraft:player":1,"minecraft:enderman":1,"duckensinvasion:footsoldier_duck":1,"minecraft:skeleton":1,"minecraft:zombie":2,"world:ent":1,"world:appleant_2":2},"minecraft:custom":{"minecraft:mob_kills":36,"minecraft:interact_with_crafting_table":18,"minecraft:open_barrel":4,"minecraft:damage_dealt_resisted":364,"minecraft:leave_game":4,"minecraft:time_since_death":16893,"minecraft:climb_one_cm":5089,"minecraft:sprint_one_cm":440066,"minecraft:walk_one_cm":343006,"minecraft:drop":13,"minecraft:damage_dealt_absorbed":9,"minecraft:play_time":169008,"minecraft:deaths":11,"minecraft:sneak_time":4852,"minecraft:walk_under_water_one_cm":18340,"minecraft:boat_one_cm":50265,"minecraft:jump":4701,"minecraft:walk_on_water_one_cm":43678,"minecraft:total_world_time":169008,"minecraft:interact_with_furnace":2,"tombstone:raider_killed":3,"minecraft:sleep_in_bed":13,"minecraft:time_since_rest":16411,"minecraft:waystone_activated":14,"minecraft:damage_taken":7456,"minecraft:damage_absorbed":40,"minecraft:damage_dealt":12755,"minecraft:swim_one_cm":84372,"minecraft:fly_one_cm":928530,"minecraft:open_chest":30,"minecraft:crouch_one_cm":11867,"tombstone:undead_killed":12,"minecraft:fall_one_cm":154991},"minecraft:crafted":{"minecraft:oak_planks":44,"minecraft:furnace":1,"minecraft:stone_pickaxe":1,"minecraft:chest":2,"minecraft:dark_oak_planks":32,"world:greenstuff":1,"minecraft:wheat":486,"minecraft:crafting_table":8,"minecraft:wooden_pickaxe":1,"minecraft:bread":164,"minecraft:acacia_boat":1,"minecraft:air":0,"minecraft:stick":16,"minecraft:iron_ingot":3,"minecraft:iron_pickaxe":1,"minecraft:wooden_axe":2,"minecraft:acacia_planks":48,"minecraft:torch":4},"minecraft:broken":{"simplyswords:iron_chakram":1,"minecraft:golden_axe":1,"minecraft:golden_chestplate":1},"minecraft:used":{"minecraft:acacia_log":3,"minecraft:chest":2,"minecraft:rotten_flesh":21,"minecraft:torch":4,"minecraft:dirt":17,"minecraft:carrot":9,"minecraft:wooden_axe":32,"minecraft:dark_oak_planks":32,"minecraft:stone_brick_stairs":1,"minecraft:furnace":1,"minecraft:cooked_cod":2,"tombstone:gift":2,"minecraft:cobbled_deepslate":18,"minecraft:golden_axe":18,"minecraft:acacia_boat":1,"minecraft:stone_pickaxe":108,"minecraft:oak_planks":1,"minecraft:wooden_pickaxe":3,"minecraft:golden_apple":1,"minecraft:sand":2,"simplyswords:iron_chakram":246,"minecraft:crafting_table":8,"world:greenstuff":2,"minecraft:white_bed":2,"minecraft:dripstone_block":3,"tombstone:bag_of_seeds":1,"minecraft:oak_log":1,"waystones:waystone":11,"minecraft:bread":86,"minecraft:iron_pickaxe":82,"minecraft:cobblestone":55},"minecraft:mined":{"minecraft:tuff":2,"minecraft:white_bed":1,"minecraft:deepslate_diamond_ore":3,"minecraft:acacia_log":4,"minecraft:grass_block":4,"seadwellers:aquamarine_crystal":1,"alexscaves:radrock_uranium_ore":1,"minecraft:hay_block":54,"minecraft:carrots":3,"minecraft:iron_ore":9,"minecraft:deepslate_iron_ore":20,"minecraft:oak_stairs":1,"minecraft:stripped_oak_log":8,"minecraft:stone":89,"minecraft:deepslate_redstone_ore":6,"minecraft:copper_ore":1,"minecraft:tall_grass":1,"minecraft:cobblestone":3,"minecraft:deepslate_gold_ore":1,"minecraft:sugar_cane":2,"minecraft:diorite":1,"minecraft:acacia_sapling":4,"minecraft:mud":1,"minecraft:wheat":2,"minecraft:grass":19,"minecraft:coal_ore":7,"minecraft:dirt":8,"minecraft:dripstone_block":1,"minecraft:sand":2,"minecraft:acacia_planks":3,"minecraft:gold_ore":1,"minecraft:oak_leaves":1,"minecraft:deepslate":22},"minecraft:dropped":{"minecraft:bread":29,"minecraft:acacia_log":16,"minecraft:dirt":19,"minecraft:wooden_axe":1,"minecraft:oak_stairs":1,"hexerei:sage_seed":4,"alexscaves:uranium":1,"minecraft:raw_iron":5,"minecraft:rotten_flesh":4,"world:crystal_9":1,"minecraft:acacia_sapling":1,"minecraft:wooden_pickaxe":1},"minecraft:picked_up":{"minecraft:wooden_axe":2,"minecraft:wheat":1,"minecraft:oak_stairs":1,"seadwellers:aquamarine":1,"minecraft:stone_brick_stairs":1,"minecraft:cornflower":1,"minecraft:string":1,"minecraft:raw_copper":4,"minecraft:item_frame":1,"minecraft:cobbled_deepslate":21,"minecraft:sugar_cane":4,"tameablebeasts:purple_allay":1,"minecraft:raw_iron":29,"minecraft:stick":14,"minecraft:acacia_log":32,"tombstone:grave_dust":1,"minecraft:diorite":1,"minecraft:carrot":9,"minecraft:redstone":27,"hexerei:sage_seed":6,"minecraft:arrow":2,"minecraft:rotten_flesh":31,"minecraft:hay_block":54,"duckensinvasion:duck_feather":2,"sophisticatedbackpacks:copper_backpack":1,"minecraft:cobblestone":99,"minecraft:stripped_oak_log":8,"minecraft:birch_log":4,"minecraft:glow_ink_sac":1,"minecraft:tuff":2,"minecraft:oak_log":12,"minecraft:gunpowder":12,"minecraft:dirt":33,"minecraft:bone":10,"minecraft:acacia_planks":2,"minecraft:wheat_seeds":3,"minecraft:raw_gold":2,"minecraft:acacia_sapling":11,"world:crystal_10":5,"world:crystal_9":3,"minecraft:dripstone_block":3,"alexscaves:uranium":1,"minecraft:sand":2,"minecraft:white_bed":2,"minecraft:grass_block":1,"world:ring_1":1,"minecraft:diamond":3,"waystones:waystone":11,"minecraft:bread":20,"minecraft:coal":7}},"DataVersion":3465}