{"stats":{"minecraft:killed":{"world:goblin":1,"minecraft:spider":1,"world:dryad_2":1,"minecraft:skeleton":1,"world:appleant_2":4,"minecraft:pillager":3,"minecraft:zombie":9},"minecraft:picked_up":{"minecraft:glow_ink_sac":1,"minecraft:oak_stairs":1,"minecraft:stone_brick_stairs":1,"minecraft:oak_log":3,"minecraft:gunpowder":2,"minecraft:dirt":15,"minecraft:bone":2,"minecraft:acacia_planks":1,"minecraft:acacia_sapling":6,"tameablebeasts:purple_allay":1,"minecraft:raw_iron":6,"minecraft:stick":6,"minecraft:acacia_log":19,"minecraft:dripstone_block":3,"tombstone:grave_dust":1,"minecraft:diorite":1,"minecraft:white_bed":2,"hexerei:sage_seed":6,"minecraft:arrow":1,"minecraft:rotten_flesh":24,"waystones:waystone":3,"minecraft:hay_block":9,"minecraft:bread":20,"minecraft:coal":6,"minecraft:cobblestone":80},"minecraft:used":{"minecraft:stone_pickaxe":92,"minecraft:oak_planks":1,"minecraft:wooden_pickaxe":3,"minecraft:golden_apple":1,"minecraft:dirt":10,"simplyswords:iron_chakram":129,"minecraft:crafting_table":2,"minecraft:white_bed":2,"minecraft:dripstone_block":3,"tombstone:bag_of_seeds":1,"waystones:waystone":2,"minecraft:wooden_axe":6,"minecraft:bread":45,"minecraft:stone_brick_stairs":1,"minecraft:cobblestone":24,"minecraft:golden_axe":5},"minecraft:crafted":{"minecraft:oak_planks":12,"minecraft:crafting_table":2,"minecraft:wooden_pickaxe":1,"minecraft:bread":27,"minecraft:stick":8,"minecraft:stone_pickaxe":1,"minecraft:wooden_axe":1,"minecraft:acacia_planks":12,"minecraft:wheat":81},"minecraft:killed_by":{"minecraft:player":1,"minecraft:skeleton":1,"minecraft:zombie":2,"world:appleant_2":1},"minecraft:custom":{"minecraft:mob_kills":22,"tombstone:raider_killed":3,"minecraft:interact_with_crafting_table":5,"minecraft:open_barrel":2,"minecraft:leave_game":2,"minecraft:time_since_death":44036,"minecraft:sleep_in_bed":7,"minecraft:climb_one_cm":4867,"minecraft:time_since_rest":9552,"minecraft:waystone_activated":4,"minecraft:sprint_one_cm":198690,"minecraft:walk_one_cm":153835,"minecraft:damage_taken":3868,"minecraft:damage_absorbed":40,"minecraft:drop":9,"minecraft:damage_dealt":5948,"minecraft:swim_one_cm":38258,"minecraft:fly_one_cm":451374,"minecraft:open_chest":19,"minecraft:crouch_one_cm":3455,"minecraft:play_time":75762,"tombstone:undead_killed":10,"minecraft:deaths":6,"minecraft:sneak_time":1594,"minecraft:walk_under_water_one_cm":4929,"minecraft:jump":2164,"minecraft:walk_on_water_one_cm":13596,"minecraft:total_world_time":75762,"minecraft:fall_one_cm":80132},"minecraft:dropped":{"hexerei:sage_seed":4,"minecraft:raw_iron":5,"minecraft:rotten_flesh":4,"minecraft:acacia_log":16,"minecraft:dirt":19,"minecraft:acacia_sapling":1,"minecraft:oak_stairs":1,"minecraft:wooden_pickaxe":1},"minecraft:mined":{"minecraft:white_bed":1,"minecraft:acacia_log":3,"minecraft:grass_block":1,"minecraft:tall_grass":1,"minecraft:diorite":1,"minecraft:hay_block":9,"minecraft:acacia_sapling":2,"minecraft:iron_ore":6,"minecraft:grass":13,"minecraft:coal_ore":6,"minecraft:oak_stairs":1,"minecraft:dripstone_block":1,"minecraft:dirt":3,"minecraft:acacia_planks":2,"minecraft:stone":76}},"DataVersion":3465}