{"stats":{"minecraft:killed":{"world:appleant_2":1},"minecraft:picked_up":{"minecraft:stick":4,"minecraft:acacia_log":19,"minecraft:gunpowder":2,"minecraft:dirt":12,"hexerei:sage_seed":4,"minecraft:rotten_flesh":1,"waystones:waystone":3,"minecraft:bread":20,"minecraft:acacia_sapling":6},"minecraft:used":{"tombstone:bag_of_seeds":1,"minecraft:wooden_axe":6,"minecraft:bread":1,"minecraft:dirt":4,"simplyswords:iron_chakram":7,"minecraft:crafting_table":1},"minecraft:crafted":{"minecraft:crafting_table":1,"minecraft:stick":4,"minecraft:wooden_axe":1,"minecraft:acacia_planks":12},"minecraft:killed_by":{"minecraft:player":1,"minecraft:zombie":2},"minecraft:dropped":{"hexerei:sage_seed":4,"minecraft:acacia_sapling":1,"minecraft:rotten_flesh":1,"minecraft:acacia_log":16},"minecraft:custom":{"minecraft:time_since_rest":7783,"minecraft:sprint_one_cm":52493,"minecraft:damage_taken":1066,"minecraft:walk_one_cm":32245,"minecraft:mob_kills":1,"minecraft:drop":4,"minecraft:damage_dealt":785,"minecraft:swim_one_cm":12179,"minecraft:interact_with_crafting_table":1,"minecraft:fly_one_cm":128360,"minecraft:open_chest":1,"minecraft:crouch_one_cm":594,"minecraft:play_time":18038,"minecraft:deaths":4,"minecraft:sneak_time":268,"minecraft:walk_under_water_one_cm":452,"minecraft:jump":553,"minecraft:time_since_death":7913,"minecraft:walk_on_water_one_cm":2540,"minecraft:total_world_time":18038,"minecraft:fall_one_cm":15817},"minecraft:mined":{"minecraft:acacia_sapling":2,"minecraft:grass":12,"minecraft:acacia_log":3}},"DataVersion":3465}