{"stats":{"minecraft:picked_up":{"minecraft:acacia_log":3,"minecraft:gunpowder":2,"minecraft:acacia_sapling":1,"minecraft:dirt":12},"minecraft:used":{"minecraft:dirt":4},"minecraft:crafted":{"minecraft:acacia_planks":12},"minecraft:killed_by":{"minecraft:zombie":1},"minecraft:dropped":{"minecraft:acacia_sapling":1},"minecraft:custom":{"minecraft:time_since_rest":875,"minecraft:crouch_one_cm":237,"minecraft:play_time":6038,"minecraft:sprint_one_cm":3831,"minecraft:walk_one_cm":5408,"minecraft:damage_taken":480,"minecraft:deaths":2,"minecraft:sneak_time":100,"minecraft:drop":1,"minecraft:jump":72,"minecraft:damage_dealt":10,"minecraft:time_since_death":0,"minecraft:total_world_time":6038,"minecraft:fall_one_cm":2746,"minecraft:fly_one_cm":11580},"minecraft:mined":{"minecraft:grass":1,"minecraft:acacia_log":3}},"DataVersion":3465}