{"stats":{"minecraft:killed":{"world:appleant_2":3,"minecraft:zombie":2,"minecraft:spider":1,"world:dryad_2":1},"minecraft:picked_up":{"minecraft:stick":4,"minecraft:acacia_log":19,"minecraft:stone_brick_stairs":1,"minecraft:gunpowder":2,"minecraft:dirt":15,"hexerei:sage_seed":4,"minecraft:rotten_flesh":3,"waystones:waystone":3,"minecraft:bread":20,"minecraft:acacia_sapling":6},"minecraft:used":{"tombstone:bag_of_seeds":1,"waystones:waystone":1,"minecraft:wooden_axe":6,"minecraft:bread":11,"minecraft:golden_apple":1,"minecraft:dirt":9,"simplyswords:iron_chakram":51,"minecraft:crafting_table":1,"minecraft:golden_axe":1},"minecraft:crafted":{"minecraft:crafting_table":1,"minecraft:stick":4,"minecraft:wooden_axe":1,"minecraft:acacia_planks":12},"minecraft:killed_by":{"minecraft:player":1,"minecraft:skeleton":1,"minecraft:zombie":2},"minecraft:dropped":{"hexerei:sage_seed":4,"minecraft:acacia_sapling":1,"minecraft:rotten_flesh":1,"minecraft:acacia_log":16},"minecraft:custom":{"minecraft:time_since_rest":811,"minecraft:waystone_activated":2,"minecraft:sprint_one_cm":90797,"minecraft:damage_absorbed":40,"minecraft:damage_taken":2007,"minecraft:walk_one_cm":54675,"minecraft:mob_kills":8,"minecraft:drop":4,"minecraft:damage_dealt":2450,"minecraft:swim_one_cm":29801,"minecraft:interact_with_crafting_table":1,"minecraft:fly_one_cm":235562,"minecraft:open_barrel":2,"minecraft:open_chest":4,"minecraft:crouch_one_cm":655,"minecraft:play_time":30038,"tombstone:undead_killed":2,"minecraft:deaths":5,"minecraft:sneak_time":277,"minecraft:walk_under_water_one_cm":1292,"minecraft:jump":1032,"minecraft:time_since_death":2716,"minecraft:walk_on_water_one_cm":6121,"minecraft:climb_one_cm":1301,"minecraft:total_world_time":30038,"minecraft:fall_one_cm":32820},"minecraft:mined":{"minecraft:acacia_sapling":2,"minecraft:grass":12,"minecraft:acacia_log":3}},"DataVersion":3465}