{"stats":{"minecraft:killed":{"world:appleant_2":4,"world:goblin":1,"minecraft:zombie":2,"minecraft:spider":1,"world:dryad_2":1},"minecraft:picked_up":{"minecraft:stick":6,"minecraft:acacia_log":19,"minecraft:dripstone_block":1,"minecraft:stone_brick_stairs":1,"minecraft:oak_log":3,"minecraft:diorite":1,"minecraft:gunpowder":2,"minecraft:dirt":15,"hexerei:sage_seed":4,"minecraft:rotten_flesh":4,"waystones:waystone":3,"minecraft:hay_block":9,"minecraft:bread":20,"minecraft:acacia_sapling":6,"minecraft:cobblestone":18},"minecraft:used":{"tombstone:bag_of_seeds":1,"waystones:waystone":2,"minecraft:wooden_axe":6,"minecraft:bread":21,"minecraft:stone_pickaxe":18,"minecraft:wooden_pickaxe":3,"minecraft:stone_brick_stairs":1,"minecraft:golden_apple":1,"minecraft:dirt":10,"minecraft:cobblestone":12,"simplyswords:iron_chakram":72,"minecraft:crafting_table":2,"minecraft:golden_axe":1},"minecraft:crafted":{"minecraft:oak_planks":12,"minecraft:crafting_table":2,"minecraft:stick":8,"minecraft:wooden_pickaxe":1,"minecraft:stone_pickaxe":1,"minecraft:wooden_axe":1,"minecraft:acacia_planks":12,"minecraft:bread":27,"minecraft:wheat":81},"minecraft:killed_by":{"world:appleant_2":1,"minecraft:player":1,"minecraft:skeleton":1,"minecraft:zombie":2},"minecraft:dropped":{"minecraft:dirt":19,"hexerei:sage_seed":4,"minecraft:acacia_sapling":1,"minecraft:rotten_flesh":4,"minecraft:wooden_pickaxe":1,"minecraft:acacia_log":16},"minecraft:custom":{"minecraft:time_since_rest":8526,"minecraft:waystone_activated":4,"minecraft:sprint_one_cm":121804,"minecraft:damage_absorbed":40,"minecraft:damage_taken":2720,"minecraft:walk_one_cm":84747,"minecraft:mob_kills":10,"minecraft:drop":7,"minecraft:damage_dealt":3385,"minecraft:swim_one_cm":29801,"minecraft:interact_with_crafting_table":5,"minecraft:fly_one_cm":323928,"minecraft:open_barrel":2,"minecraft:open_chest":4,"minecraft:crouch_one_cm":2433,"minecraft:play_time":42038,"tombstone:undead_killed":2,"minecraft:deaths":6,"minecraft:sneak_time":1024,"minecraft:walk_under_water_one_cm":1292,"minecraft:jump":1413,"minecraft:time_since_death":10312,"minecraft:walk_on_water_one_cm":6121,"minecraft:sleep_in_bed":1,"minecraft:climb_one_cm":1301,"minecraft:total_world_time":42038,"minecraft:fall_one_cm":52617},"minecraft:mined":{"minecraft:hay_block":9,"minecraft:acacia_sapling":2,"minecraft:grass":13,"minecraft:acacia_log":3,"minecraft:dripstone_block":1,"minecraft:tall_grass":1,"minecraft:stone":18,"minecraft:diorite":1}},"DataVersion":3465}