{"stats":{"minecraft:killed":{"duckensinvasion:footsoldier_duck":12,"minecraft:spider":1,"duckensinvasion:raptor_duck":3,"world:appleant_2":7,"minecraft:skeleton":1,"duckensinvasion:armoured_duck":5,"duckensinvasion:archer_duck":10,"duckensinvasion:commaner_duckfighting":4,"world:ent":1,"world:goblin":1,"world:dryad_2":1,"minecraft:wandering_trader":1,"minecraft:creeper":1,"duckensinvasion:axethrower":1,"minecraft:trader_llama":2,"minecraft:pillager":3,"minecraft:zombie":12,"world:centaur":1,"minecraft:enderman":1},"minecraft:picked_up":{"minecraft:wooden_axe":2,"minecraft:wheat":1,"minecraft:lead":2,"minecraft:oak_stairs":1,"seadwellers:aquamarine":1,"minecraft:stone_brick_stairs":1,"minecraft:shield":1,"minecraft:cornflower":1,"minecraft:string":1,"minecraft:raw_copper":4,"minecraft:item_frame":1,"minecraft:cobbled_deepslate":38,"minecraft:poppy":2,"minecraft:sugar_cane":4,"tameablebeasts:purple_allay":1,"minecraft:stick":14,"minecraft:raw_iron":94,"minecraft:acacia_log":32,"tombstone:grave_dust":1,"minecraft:diorite":1,"minecraft:carrot":9,"minecraft:redstone":41,"hexerei:sage_seed":7,"minecraft:rotten_flesh":32,"minecraft:arrow":8,"minecraft:hay_block":54,"duckensinvasion:duck_feather":12,"sophisticatedbackpacks:copper_backpack":1,"minecraft:cobblestone":146,"minecraft:stripped_oak_log":8,"minecraft:birch_log":4,"minecraft:glow_ink_sac":1,"minecraft:leather":3,"minecraft:tuff":2,"minecraft:oak_log":16,"minecraft:gunpowder":15,"minecraft:wooden_hoe":2,"minecraft:dirt":39,"minecraft:bone":14,"minecraft:acacia_planks":2,"minecraft:wheat_seeds":3,"minecraft:raw_gold":4,"minecraft:iron_ingot":7,"minecraft:acacia_sapling":11,"world:crystal_10":7,"world:crystal_9":7,"minecraft:dripstone_block":3,"alexscaves:uranium":1,"minecraft:sand":2,"minecraft:grass_block":1,"minecraft:white_bed":2,"world:ring_1":2,"butcher:sulfur":19,"minecraft:oak_wood":2,"minecraft:diamond":5,"waystones:waystone":12,"minecraft:bread":20,"minecraft:coal":8},"minecraft:used":{"minecraft:iron_shovel":2,"minecraft:acacia_log":3,"minecraft:chest":2,"minecraft:rotten_flesh":21,"minecraft:torch":4,"minecraft:dirt":21,"simplyswords:iron_katana":153,"minecraft:carrot":9,"minecraft:tuff":2,"minecraft:dark_oak_planks":32,"minecraft:wooden_axe":32,"minecraft:stone_brick_stairs":1,"minecraft:furnace":1,"minecraft:cooked_cod":2,"tombstone:gift":2,"minecraft:cobbled_deepslate":25,"minecraft:golden_axe":18,"minecraft:acacia_boat":1,"minecraft:stone_pickaxe":108,"minecraft:oak_planks":1,"minecraft:wooden_pickaxe":3,"minecraft:golden_apple":1,"minecraft:sand":2,"simplyswords:iron_chakram":246,"minecraft:crafting_table":9,"world:greenstuff":15,"minecraft:white_bed":2,"minecraft:dripstone_block":3,"tombstone:bag_of_seeds":1,"minecraft:oak_log":1,"waystones:waystone":12,"minecraft:diamond_pickaxe":89,"minecraft:bread":109,"minecraft:iron_pickaxe":141,"minecraft:cobblestone":102},"minecraft:crafted":{"minecraft:oak_planks":52,"simplyswords:iron_katana":1,"minecraft:furnace":1,"minecraft:iron_axe":1,"minecraft:stone_pickaxe":1,"minecraft:chest":2,"minecraft:dark_oak_planks":32,"world:greenstuff":1,"minecraft:wheat":486,"minecraft:crafting_table":9,"minecraft:wooden_pickaxe":1,"minecraft:bread":164,"minecraft:acacia_boat":1,"minecraft:air":0,"minecraft:diamond_pickaxe":1,"minecraft:stick":16,"minecraft:iron_ingot":48,"minecraft:iron_pickaxe":1,"minecraft:wooden_axe":2,"minecraft:iron_shovel":1,"duckensinvasion:duck_hat_helmet":1,"minecraft:acacia_planks":48,"minecraft:torch":4},"minecraft:killed_by":{"minecraft:player":1,"minecraft:enderman":1,"duckensinvasion:footsoldier_duck":4,"minecraft:skeleton":1,"minecraft:zombie":3,"world:ent":1,"world:appleant_2":2,"duckensinvasion:archer_duck":1},"minecraft:broken":{"simplyswords:iron_chakram":1,"minecraft:golden_axe":1,"minecraft:golden_chestplate":1},"minecraft:custom":{"minecraft:mob_kills":71,"minecraft:interact_with_crafting_table":23,"minecraft:open_barrel":4,"minecraft:damage_dealt_resisted":364,"minecraft:leave_game":7,"minecraft:time_since_death":0,"minecraft:climb_one_cm":7161,"minecraft:sprint_one_cm":599791,"minecraft:walk_one_cm":473318,"minecraft:drop":26,"minecraft:damage_dealt_absorbed":9,"minecraft:talked_to_villager":2,"minecraft:play_time":225636,"minecraft:deaths":17,"minecraft:sneak_time":6959,"minecraft:walk_under_water_one_cm":18340,"minecraft:boat_one_cm":50265,"minecraft:jump":6462,"minecraft:walk_on_water_one_cm":43678,"minecraft:total_world_time":225636,"minecraft:interact_with_furnace":5,"tombstone:raider_killed":3,"minecraft:sleep_in_bed":15,"minecraft:time_since_rest":264,"minecraft:waystone_activated":15,"minecraft:damage_taken":10093,"minecraft:damage_absorbed":40,"minecraft:damage_dealt":19855,"minecraft:swim_one_cm":84372,"minecraft:fly_one_cm":1278262,"minecraft:player_kills":1,"minecraft:open_chest":32,"minecraft:crouch_one_cm":17315,"tombstone:undead_killed":13,"tombstone:villager_killed":1,"minecraft:fall_one_cm":218553},"minecraft:dropped":{"minecraft:iron_ingot":43,"minecraft:bread":29,"minecraft:diamond":2,"minecraft:acacia_log":16,"minecraft:dirt":20,"butcher:sulfur":19,"minecraft:wooden_hoe":2,"minecraft:wooden_axe":1,"minecraft:oak_stairs":1,"minecraft:iron_pickaxe":1,"minecraft:redstone":41,"hexerei:sage_seed":4,"alexscaves:uranium":1,"minecraft:raw_iron":94,"minecraft:rotten_flesh":4,"world:crystal_9":2,"minecraft:acacia_sapling":1,"explorerscompass:explorerscompass":1,"minecraft:wooden_pickaxe":1,"minecraft:raw_gold":4},"minecraft:mined":{"minecraft:diamond_ore":1,"minecraft:tuff":2,"minecraft:white_bed":1,"minecraft:deepslate_diamond_ore":4,"minecraft:acacia_log":4,"minecraft:grass_block":6,"seadwellers:aquamarine_crystal":1,"minecraft:hay_block":54,"alexscaves:radrock_uranium_ore":1,"minecraft:carrots":3,"minecraft:iron_ore":37,"minecraft:deepslate_iron_ore":57,"minecraft:dirt_path":1,"minecraft:oak_stairs":1,"minecraft:stripped_oak_log":8,"minecraft:stone":139,"world:plantforestbig_2":1,"minecraft:deepslate_redstone_ore":9,"minecraft:oak_wood":2,"minecraft:tall_grass":4,"minecraft:copper_ore":1,"minecraft:cobblestone":3,"minecraft:deepslate_gold_ore":3,"minecraft:sugar_cane":2,"minecraft:diorite":1,"minecraft:acacia_sapling":4,"minecraft:mud":1,"minecraft:wheat":2,"butcher:sulfurore":6,"minecraft:grass":26,"minecraft:coal_ore":8,"minecraft:dripstone_block":1,"minecraft:sand":2,"minecraft:dirt":9,"minecraft:acacia_planks":3,"minecraft:gold_ore":1,"minecraft:oak_leaves":1,"minecraft:deepslate":39}},"DataVersion":3465}