{"stats":{"minecraft:killed":{"world:goblin":1,"minecraft:spider":1,"world:dryad_2":1,"minecraft:creeper":1,"world:appleant_2":5,"minecraft:skeleton":1,"minecraft:pillager":3,"minecraft:zombie":9},"minecraft:killed_by":{"minecraft:player":1,"minecraft:skeleton":1,"minecraft:zombie":2,"world:appleant_2":2},"minecraft:crafted":{"minecraft:oak_planks":44,"minecraft:crafting_table":4,"minecraft:wooden_pickaxe":1,"minecraft:furnace":1,"minecraft:bread":29,"minecraft:air":0,"minecraft:stick":8,"minecraft:iron_ingot":3,"minecraft:iron_pickaxe":1,"minecraft:stone_pickaxe":1,"minecraft:wooden_axe":1,"minecraft:chest":2,"minecraft:acacia_planks":12,"minecraft:dark_oak_planks":32,"minecraft:wheat":81},"minecraft:custom":{"minecraft:interact_with_furnace":2,"minecraft:mob_kills":24,"tombstone:raider_killed":3,"minecraft:interact_with_crafting_table":8,"minecraft:open_barrel":2,"minecraft:leave_game":2,"minecraft:time_since_death":17320,"minecraft:sleep_in_bed":9,"minecraft:climb_one_cm":4867,"minecraft:waystone_activated":6,"minecraft:time_since_rest":11745,"minecraft:sprint_one_cm":260673,"minecraft:damage_absorbed":40,"minecraft:damage_taken":4595,"minecraft:walk_one_cm":199198,"minecraft:drop":10,"minecraft:damage_dealt":6898,"minecraft:swim_one_cm":56576,"minecraft:fly_one_cm":581800,"minecraft:open_chest":23,"minecraft:crouch_one_cm":6704,"minecraft:play_time":108630,"tombstone:undead_killed":10,"minecraft:deaths":8,"minecraft:sneak_time":2731,"minecraft:walk_under_water_one_cm":14911,"minecraft:jump":2878,"minecraft:walk_on_water_one_cm":20662,"minecraft:total_world_time":108630,"minecraft:fall_one_cm":108163},"minecraft:used":{"minecraft:stone_pickaxe":108,"minecraft:oak_planks":1,"minecraft:chest":2,"minecraft:wooden_pickaxe":3,"minecraft:rotten_flesh":21,"minecraft:golden_apple":1,"minecraft:dirt":11,"simplyswords:iron_chakram":149,"minecraft:crafting_table":4,"minecraft:white_bed":2,"minecraft:dripstone_block":3,"minecraft:dark_oak_planks":32,"minecraft:wooden_axe":6,"tombstone:bag_of_seeds":1,"waystones:waystone":3,"minecraft:bread":46,"minecraft:iron_pickaxe":3,"minecraft:stone_brick_stairs":1,"minecraft:cobblestone":53,"minecraft:furnace":1,"tombstone:gift":2,"minecraft:golden_axe":14},"minecraft:mined":{"minecraft:white_bed":1,"minecraft:acacia_log":3,"minecraft:grass_block":1,"minecraft:tall_grass":1,"minecraft:copper_ore":1,"minecraft:cobblestone":3,"minecraft:diorite":1,"minecraft:hay_block":9,"alexscaves:radrock_uranium_ore":1,"minecraft:acacia_sapling":2,"minecraft:iron_ore":8,"minecraft:grass":13,"minecraft:coal_ore":6,"minecraft:oak_stairs":1,"minecraft:dripstone_block":1,"minecraft:dirt":4,"minecraft:stripped_oak_log":8,"minecraft:acacia_planks":3,"minecraft:stone":88},"minecraft:dropped":{"hexerei:sage_seed":4,"alexscaves:uranium":1,"minecraft:raw_iron":5,"minecraft:rotten_flesh":4,"minecraft:acacia_log":16,"minecraft:dirt":19,"minecraft:acacia_sapling":1,"minecraft:oak_stairs":1,"minecraft:wooden_pickaxe":1},"minecraft:picked_up":{"minecraft:wooden_axe":1,"minecraft:stripped_oak_log":8,"minecraft:glow_ink_sac":1,"minecraft:oak_stairs":1,"minecraft:stone_brick_stairs":1,"minecraft:oak_log":4,"minecraft:gunpowder":4,"minecraft:dirt":16,"minecraft:raw_copper":4,"minecraft:bone":3,"minecraft:acacia_planks":2,"minecraft:acacia_sapling":6,"tameablebeasts:purple_allay":1,"world:crystal_10":3,"minecraft:stick":8,"minecraft:raw_iron":8,"minecraft:acacia_log":19,"minecraft:dripstone_block":3,"alexscaves:uranium":1,"tombstone:grave_dust":1,"minecraft:diorite":1,"minecraft:white_bed":2,"hexerei:sage_seed":6,"minecraft:arrow":1,"minecraft:rotten_flesh":24,"waystones:waystone":3,"minecraft:hay_block":9,"minecraft:bread":20,"minecraft:coal":6,"minecraft:cobblestone":94}},"DataVersion":3465}