{"stats":{"minecraft:killed":{"world:goblin":1,"minecraft:spider":1,"world:dryad_2":1,"minecraft:creeper":1,"world:appleant_2":5,"minecraft:skeleton":1,"minecraft:pillager":3,"minecraft:zombie":11},"minecraft:killed_by":{"minecraft:player":1,"minecraft:skeleton":1,"minecraft:zombie":2,"world:appleant_2":2},"minecraft:crafted":{"minecraft:oak_planks":44,"minecraft:crafting_table":6,"minecraft:wooden_pickaxe":1,"minecraft:furnace":1,"minecraft:acacia_boat":1,"minecraft:bread":41,"minecraft:air":0,"minecraft:stick":8,"minecraft:iron_ingot":3,"minecraft:iron_pickaxe":1,"minecraft:stone_pickaxe":1,"minecraft:wooden_axe":1,"minecraft:chest":2,"minecraft:acacia_planks":48,"minecraft:dark_oak_planks":32,"minecraft:wheat":117},"minecraft:custom":{"minecraft:interact_with_furnace":2,"minecraft:mob_kills":26,"tombstone:raider_killed":3,"minecraft:interact_with_crafting_table":11,"minecraft:open_barrel":2,"minecraft:leave_game":2,"minecraft:time_since_death":29320,"minecraft:sleep_in_bed":10,"minecraft:climb_one_cm":4867,"minecraft:waystone_activated":9,"minecraft:time_since_rest":9258,"minecraft:sprint_one_cm":285657,"minecraft:damage_absorbed":40,"minecraft:damage_taken":4756,"minecraft:walk_one_cm":222859,"minecraft:drop":10,"minecraft:damage_dealt":7515,"minecraft:swim_one_cm":60976,"minecraft:fly_one_cm":645416,"minecraft:open_chest":23,"minecraft:crouch_one_cm":7716,"minecraft:play_time":120630,"tombstone:undead_killed":12,"minecraft:deaths":8,"minecraft:sneak_time":3255,"minecraft:walk_under_water_one_cm":15076,"minecraft:boat_one_cm":50265,"minecraft:jump":3123,"minecraft:walk_on_water_one_cm":23441,"minecraft:total_world_time":120630,"minecraft:fall_one_cm":115214},"minecraft:broken":{"minecraft:golden_axe":1},"minecraft:used":{"minecraft:acacia_boat":1,"minecraft:acacia_log":3,"minecraft:stone_pickaxe":108,"minecraft:oak_planks":1,"minecraft:chest":2,"minecraft:wooden_pickaxe":3,"minecraft:rotten_flesh":21,"minecraft:golden_apple":1,"minecraft:dirt":11,"simplyswords:iron_chakram":169,"minecraft:crafting_table":6,"minecraft:carrot":9,"minecraft:white_bed":2,"minecraft:dripstone_block":3,"minecraft:dark_oak_planks":32,"minecraft:wooden_axe":6,"tombstone:bag_of_seeds":1,"waystones:waystone":6,"minecraft:bread":49,"minecraft:iron_pickaxe":13,"minecraft:stone_brick_stairs":1,"minecraft:cobblestone":53,"minecraft:furnace":1,"tombstone:gift":2,"minecraft:golden_axe":18},"minecraft:mined":{"minecraft:white_bed":1,"minecraft:acacia_log":4,"minecraft:grass_block":1,"seadwellers:aquamarine_crystal":1,"minecraft:tall_grass":1,"minecraft:copper_ore":1,"minecraft:cobblestone":3,"minecraft:diorite":1,"minecraft:hay_block":25,"alexscaves:radrock_uranium_ore":1,"minecraft:acacia_sapling":4,"minecraft:carrots":3,"minecraft:iron_ore":8,"minecraft:wheat":2,"minecraft:grass":19,"minecraft:coal_ore":6,"minecraft:oak_stairs":1,"minecraft:dripstone_block":1,"minecraft:dirt":4,"minecraft:stripped_oak_log":8,"minecraft:acacia_planks":3,"minecraft:stone":88},"minecraft:dropped":{"hexerei:sage_seed":4,"alexscaves:uranium":1,"minecraft:raw_iron":5,"minecraft:rotten_flesh":4,"minecraft:acacia_log":16,"minecraft:dirt":19,"minecraft:acacia_sapling":1,"minecraft:oak_stairs":1,"minecraft:wooden_pickaxe":1},"minecraft:picked_up":{"minecraft:wooden_axe":1,"minecraft:stripped_oak_log":8,"minecraft:wheat":1,"minecraft:glow_ink_sac":1,"minecraft:oak_stairs":1,"seadwellers:aquamarine":1,"minecraft:stone_brick_stairs":1,"minecraft:oak_log":4,"minecraft:gunpowder":4,"minecraft:cornflower":1,"minecraft:dirt":16,"minecraft:raw_copper":4,"minecraft:bone":3,"minecraft:acacia_planks":2,"minecraft:wheat_seeds":3,"minecraft:acacia_sapling":11,"tameablebeasts:purple_allay":1,"world:crystal_10":3,"minecraft:stick":13,"minecraft:raw_iron":8,"minecraft:acacia_log":31,"minecraft:dripstone_block":3,"alexscaves:uranium":1,"tombstone:grave_dust":1,"minecraft:diorite":1,"minecraft:white_bed":2,"minecraft:carrot":9,"hexerei:sage_seed":6,"minecraft:arrow":1,"minecraft:rotten_flesh":25,"waystones:waystone":6,"minecraft:hay_block":22,"minecraft:bread":20,"sophisticatedbackpacks:copper_backpack":1,"minecraft:coal":6,"minecraft:cobblestone":94}},"DataVersion":3465}