{"stats":{"minecraft:killed":{"duckensinvasion:footsoldier_duck":8,"minecraft:spider":1,"duckensinvasion:raptor_duck":2,"world:appleant_2":7,"minecraft:skeleton":1,"duckensinvasion:armoured_duck":2,"duckensinvasion:archer_duck":4,"duckensinvasion:commaner_duckfighting":2,"world:ent":1,"world:goblin":1,"world:dryad_2":1,"minecraft:creeper":1,"duckensinvasion:axethrower":1,"minecraft:pillager":3,"minecraft:zombie":11,"world:centaur":1,"minecraft:enderman":1},"minecraft:killed_by":{"minecraft:player":1,"minecraft:enderman":1,"duckensinvasion:footsoldier_duck":3,"minecraft:skeleton":1,"minecraft:zombie":2,"world:ent":1,"world:appleant_2":2,"duckensinvasion:archer_duck":1},"minecraft:custom":{"minecraft:mob_kills":50,"minecraft:interact_with_crafting_table":21,"minecraft:open_barrel":4,"minecraft:damage_dealt_resisted":364,"minecraft:leave_game":5,"minecraft:time_since_death":37,"minecraft:climb_one_cm":7035,"minecraft:sprint_one_cm":518844,"minecraft:walk_one_cm":416688,"minecraft:drop":21,"minecraft:damage_dealt_absorbed":9,"minecraft:play_time":201848,"minecraft:deaths":14,"minecraft:sneak_time":6777,"minecraft:walk_under_water_one_cm":18340,"minecraft:boat_one_cm":50265,"minecraft:jump":5600,"minecraft:walk_on_water_one_cm":43678,"minecraft:total_world_time":201848,"minecraft:interact_with_furnace":4,"tombstone:raider_killed":3,"minecraft:sleep_in_bed":13,"minecraft:time_since_rest":1,"minecraft:waystone_activated":14,"minecraft:damage_taken":8816,"minecraft:damage_absorbed":40,"minecraft:damage_dealt":15584,"minecraft:swim_one_cm":84372,"minecraft:fly_one_cm":1070768,"minecraft:open_chest":31,"minecraft:crouch_one_cm":17019,"tombstone:undead_killed":12,"minecraft:fall_one_cm":187063},"minecraft:crafted":{"minecraft:oak_planks":52,"simplyswords:iron_katana":1,"minecraft:furnace":1,"minecraft:stone_pickaxe":1,"minecraft:chest":2,"minecraft:dark_oak_planks":32,"world:greenstuff":1,"minecraft:wheat":486,"minecraft:crafting_table":9,"minecraft:wooden_pickaxe":1,"minecraft:bread":164,"minecraft:acacia_boat":1,"minecraft:air":0,"minecraft:diamond_pickaxe":1,"minecraft:stick":16,"minecraft:iron_ingot":5,"minecraft:iron_pickaxe":1,"minecraft:wooden_axe":2,"minecraft:acacia_planks":48,"minecraft:torch":4},"minecraft:broken":{"simplyswords:iron_chakram":1,"minecraft:golden_axe":1,"minecraft:golden_chestplate":1},"minecraft:used":{"minecraft:acacia_log":3,"minecraft:chest":2,"minecraft:rotten_flesh":21,"minecraft:torch":4,"minecraft:dirt":18,"simplyswords:iron_katana":59,"minecraft:carrot":9,"minecraft:tuff":2,"minecraft:dark_oak_planks":32,"minecraft:wooden_axe":32,"minecraft:stone_brick_stairs":1,"minecraft:furnace":1,"minecraft:cooked_cod":2,"tombstone:gift":2,"minecraft:cobbled_deepslate":22,"minecraft:golden_axe":18,"minecraft:acacia_boat":1,"minecraft:stone_pickaxe":108,"minecraft:oak_planks":1,"minecraft:wooden_pickaxe":3,"minecraft:golden_apple":1,"minecraft:sand":2,"simplyswords:iron_chakram":246,"minecraft:crafting_table":9,"world:greenstuff":9,"minecraft:white_bed":2,"minecraft:dripstone_block":3,"minecraft:oak_log":1,"tombstone:bag_of_seeds":1,"waystones:waystone":11,"minecraft:diamond_pickaxe":87,"minecraft:bread":99,"minecraft:iron_pickaxe":141,"minecraft:cobblestone":102},"minecraft:mined":{"minecraft:diamond_ore":1,"minecraft:tuff":2,"minecraft:white_bed":1,"minecraft:deepslate_diamond_ore":4,"minecraft:acacia_log":4,"minecraft:grass_block":6,"seadwellers:aquamarine_crystal":1,"minecraft:hay_block":54,"alexscaves:radrock_uranium_ore":1,"minecraft:carrots":3,"minecraft:iron_ore":37,"minecraft:deepslate_iron_ore":57,"minecraft:oak_stairs":1,"minecraft:stripped_oak_log":8,"minecraft:stone":139,"world:plantforestbig_2":1,"minecraft:deepslate_redstone_ore":9,"minecraft:oak_wood":2,"minecraft:tall_grass":4,"minecraft:copper_ore":1,"minecraft:cobblestone":3,"minecraft:deepslate_gold_ore":3,"minecraft:sugar_cane":2,"minecraft:diorite":1,"minecraft:acacia_sapling":4,"minecraft:mud":1,"minecraft:wheat":2,"butcher:sulfurore":6,"minecraft:grass":25,"minecraft:coal_ore":8,"minecraft:dripstone_block":1,"minecraft:sand":2,"minecraft:dirt":8,"minecraft:acacia_planks":3,"minecraft:gold_ore":1,"minecraft:oak_leaves":1,"minecraft:deepslate":39},"minecraft:dropped":{"minecraft:bread":29,"minecraft:diamond":2,"minecraft:acacia_log":16,"minecraft:dirt":20,"butcher:sulfur":19,"minecraft:wooden_axe":1,"minecraft:oak_stairs":1,"minecraft:redstone":41,"hexerei:sage_seed":4,"alexscaves:uranium":1,"minecraft:raw_iron":94,"minecraft:rotten_flesh":4,"world:crystal_9":1,"minecraft:acacia_sapling":1,"explorerscompass:explorerscompass":1,"minecraft:raw_gold":4,"minecraft:wooden_pickaxe":1},"minecraft:picked_up":{"minecraft:wooden_axe":2,"minecraft:wheat":1,"minecraft:oak_stairs":1,"seadwellers:aquamarine":1,"minecraft:stone_brick_stairs":1,"minecraft:shield":1,"minecraft:cornflower":1,"minecraft:string":1,"minecraft:raw_copper":4,"minecraft:item_frame":1,"minecraft:cobbled_deepslate":38,"minecraft:sugar_cane":4,"tameablebeasts:purple_allay":1,"minecraft:stick":14,"minecraft:raw_iron":94,"minecraft:acacia_log":32,"tombstone:grave_dust":1,"minecraft:diorite":1,"minecraft:carrot":9,"minecraft:redstone":41,"hexerei:sage_seed":7,"minecraft:arrow":8,"minecraft:rotten_flesh":32,"minecraft:hay_block":54,"duckensinvasion:duck_feather":7,"sophisticatedbackpacks:copper_backpack":1,"minecraft:cobblestone":146,"minecraft:stripped_oak_log":8,"minecraft:birch_log":4,"minecraft:glow_ink_sac":1,"minecraft:tuff":2,"minecraft:oak_log":12,"minecraft:gunpowder":15,"minecraft:dirt":35,"minecraft:bone":14,"minecraft:acacia_planks":2,"minecraft:wheat_seeds":3,"minecraft:raw_gold":4,"minecraft:acacia_sapling":11,"world:crystal_10":5,"world:crystal_9":3,"minecraft:dripstone_block":3,"alexscaves:uranium":1,"minecraft:sand":2,"minecraft:grass_block":1,"minecraft:white_bed":2,"world:ring_1":1,"butcher:sulfur":19,"minecraft:oak_wood":2,"minecraft:diamond":5,"waystones:waystone":11,"minecraft:bread":20,"minecraft:coal":8}},"DataVersion":3465}