{"stats":{"minecraft:killed":{"duckensinvasion:footsoldier_duck":4,"world:goblin":1,"minecraft:spider":1,"world:dryad_2":1,"minecraft:creeper":1,"world:appleant_2":6,"minecraft:skeleton":1,"duckensinvasion:axethrower":1,"minecraft:pillager":3,"minecraft:zombie":11,"world:centaur":1},"minecraft:killed_by":{"minecraft:player":1,"minecraft:skeleton":1,"minecraft:zombie":2,"world:appleant_2":2,"duckensinvasion:footsoldier_duck":1},"minecraft:crafted":{"minecraft:oak_planks":44,"minecraft:crafting_table":8,"minecraft:wooden_pickaxe":1,"minecraft:furnace":1,"minecraft:acacia_boat":1,"minecraft:bread":164,"minecraft:air":0,"minecraft:stick":16,"minecraft:iron_ingot":3,"minecraft:iron_pickaxe":1,"minecraft:stone_pickaxe":1,"minecraft:wooden_axe":2,"minecraft:chest":2,"minecraft:acacia_planks":48,"minecraft:dark_oak_planks":32,"minecraft:wheat":486},"minecraft:custom":{"minecraft:interact_with_furnace":2,"minecraft:mob_kills":33,"tombstone:raider_killed":3,"minecraft:interact_with_crafting_table":15,"minecraft:open_barrel":4,"minecraft:damage_dealt_resisted":364,"minecraft:leave_game":3,"minecraft:time_since_death":16183,"minecraft:sleep_in_bed":12,"minecraft:climb_one_cm":5032,"minecraft:damage_absorbed":40,"minecraft:waystone_activated":13,"minecraft:time_since_rest":6577,"minecraft:sprint_one_cm":372242,"minecraft:damage_taken":5956,"minecraft:walk_one_cm":256773,"minecraft:drop":10,"minecraft:damage_dealt":10870,"minecraft:damage_dealt_absorbed":9,"minecraft:swim_one_cm":82089,"minecraft:fly_one_cm":836405,"minecraft:open_chest":24,"minecraft:crouch_one_cm":7979,"minecraft:play_time":143286,"tombstone:undead_killed":12,"minecraft:deaths":9,"minecraft:sneak_time":3395,"minecraft:walk_under_water_one_cm":17697,"minecraft:boat_one_cm":50265,"minecraft:jump":3977,"minecraft:walk_on_water_one_cm":40102,"minecraft:total_world_time":143286,"minecraft:fall_one_cm":135123},"minecraft:broken":{"minecraft:golden_axe":1,"minecraft:golden_chestplate":1},"minecraft:used":{"minecraft:acacia_boat":1,"minecraft:acacia_log":3,"minecraft:stone_pickaxe":108,"minecraft:oak_planks":1,"minecraft:chest":2,"minecraft:wooden_pickaxe":3,"minecraft:rotten_flesh":21,"minecraft:golden_apple":1,"minecraft:dirt":11,"minecraft:sand":2,"simplyswords:iron_chakram":230,"minecraft:crafting_table":8,"minecraft:carrot":9,"minecraft:white_bed":2,"minecraft:dripstone_block":3,"waystones:waystone":10,"minecraft:dark_oak_planks":32,"minecraft:wooden_axe":20,"tombstone:bag_of_seeds":1,"minecraft:bread":65,"minecraft:iron_pickaxe":18,"minecraft:stone_brick_stairs":1,"minecraft:cobblestone":53,"minecraft:cooked_cod":2,"minecraft:furnace":1,"tombstone:gift":2,"minecraft:golden_axe":18},"minecraft:mined":{"minecraft:white_bed":1,"minecraft:acacia_log":4,"minecraft:grass_block":1,"seadwellers:aquamarine_crystal":1,"minecraft:tall_grass":1,"minecraft:copper_ore":1,"minecraft:cobblestone":3,"minecraft:sugar_cane":2,"minecraft:diorite":1,"minecraft:hay_block":54,"alexscaves:radrock_uranium_ore":1,"minecraft:acacia_sapling":4,"minecraft:carrots":3,"minecraft:iron_ore":8,"minecraft:wheat":2,"minecraft:grass":19,"minecraft:coal_ore":6,"minecraft:oak_stairs":1,"minecraft:sand":2,"minecraft:dripstone_block":1,"minecraft:dirt":4,"minecraft:stripped_oak_log":8,"minecraft:acacia_planks":3,"minecraft:stone":88,"minecraft:oak_leaves":1},"minecraft:dropped":{"hexerei:sage_seed":4,"alexscaves:uranium":1,"minecraft:raw_iron":5,"minecraft:rotten_flesh":4,"minecraft:acacia_log":16,"minecraft:dirt":19,"minecraft:acacia_sapling":1,"minecraft:oak_stairs":1,"minecraft:wooden_pickaxe":1},"minecraft:picked_up":{"minecraft:wooden_axe":1,"minecraft:stripped_oak_log":8,"minecraft:birch_log":4,"minecraft:wheat":1,"minecraft:glow_ink_sac":1,"minecraft:oak_stairs":1,"seadwellers:aquamarine":1,"minecraft:stone_brick_stairs":1,"minecraft:oak_log":7,"minecraft:gunpowder":4,"minecraft:cornflower":1,"minecraft:dirt":16,"minecraft:raw_copper":4,"minecraft:item_frame":1,"minecraft:bone":3,"minecraft:acacia_planks":2,"minecraft:wheat_seeds":3,"minecraft:sugar_cane":4,"minecraft:acacia_sapling":11,"tameablebeasts:purple_allay":1,"world:crystal_10":4,"minecraft:stick":13,"minecraft:raw_iron":8,"minecraft:acacia_log":32,"minecraft:dripstone_block":3,"alexscaves:uranium":1,"minecraft:sand":2,"tombstone:grave_dust":1,"minecraft:diorite":1,"minecraft:white_bed":2,"minecraft:carrot":9,"hexerei:sage_seed":6,"minecraft:arrow":1,"minecraft:rotten_flesh":27,"waystones:waystone":10,"minecraft:hay_block":54,"duckensinvasion:duck_feather":2,"minecraft:bread":20,"sophisticatedbackpacks:copper_backpack":1,"minecraft:coal":6,"minecraft:cobblestone":94}},"DataVersion":3465}