{"stats":{"minecraft:killed":{"duckensinvasion:footsoldier_duck":4,"world:goblin":1,"minecraft:spider":1,"world:dryad_2":1,"minecraft:creeper":1,"world:appleant_2":7,"minecraft:skeleton":1,"duckensinvasion:axethrower":1,"minecraft:pillager":3,"minecraft:zombie":11,"world:centaur":1,"world:ent":1},"minecraft:killed_by":{"minecraft:player":1,"minecraft:skeleton":1,"minecraft:zombie":2,"minecraft:enderman":1,"world:ent":1,"world:appleant_2":2,"duckensinvasion:footsoldier_duck":1},"minecraft:crafted":{"minecraft:oak_planks":44,"minecraft:crafting_table":8,"minecraft:wooden_pickaxe":1,"minecraft:furnace":1,"minecraft:acacia_boat":1,"minecraft:bread":164,"minecraft:air":0,"minecraft:stick":16,"minecraft:iron_ingot":3,"minecraft:iron_pickaxe":1,"minecraft:stone_pickaxe":1,"minecraft:wooden_axe":2,"minecraft:chest":2,"minecraft:acacia_planks":48,"minecraft:dark_oak_planks":32,"world:greenstuff":1,"minecraft:wheat":486},"minecraft:custom":{"minecraft:interact_with_furnace":2,"minecraft:mob_kills":35,"tombstone:raider_killed":3,"minecraft:interact_with_crafting_table":16,"minecraft:open_barrel":4,"minecraft:damage_dealt_resisted":364,"minecraft:leave_game":3,"minecraft:time_since_death":3171,"minecraft:sleep_in_bed":13,"minecraft:climb_one_cm":5089,"minecraft:damage_absorbed":40,"minecraft:waystone_activated":13,"minecraft:time_since_rest":2689,"minecraft:sprint_one_cm":392040,"minecraft:damage_taken":7026,"minecraft:walk_one_cm":301024,"minecraft:drop":13,"minecraft:damage_dealt":12425,"minecraft:damage_dealt_absorbed":9,"minecraft:swim_one_cm":84020,"minecraft:fly_one_cm":878269,"minecraft:open_chest":27,"minecraft:crouch_one_cm":8924,"minecraft:play_time":155286,"tombstone:undead_killed":12,"minecraft:deaths":11,"minecraft:sneak_time":3806,"minecraft:walk_under_water_one_cm":18259,"minecraft:boat_one_cm":50265,"minecraft:jump":4238,"minecraft:walk_on_water_one_cm":43120,"minecraft:total_world_time":155286,"minecraft:fall_one_cm":142033},"minecraft:broken":{"minecraft:golden_axe":1,"minecraft:golden_chestplate":1},"minecraft:used":{"minecraft:acacia_boat":1,"minecraft:acacia_log":3,"minecraft:stone_pickaxe":108,"minecraft:oak_planks":1,"minecraft:chest":2,"minecraft:wooden_pickaxe":3,"minecraft:rotten_flesh":21,"minecraft:golden_apple":1,"minecraft:dirt":11,"minecraft:sand":2,"simplyswords:iron_chakram":241,"minecraft:crafting_table":8,"minecraft:carrot":9,"minecraft:oak_log":1,"minecraft:white_bed":2,"minecraft:dripstone_block":3,"waystones:waystone":10,"minecraft:dark_oak_planks":32,"minecraft:wooden_axe":32,"tombstone:bag_of_seeds":1,"minecraft:bread":78,"minecraft:iron_pickaxe":22,"minecraft:stone_brick_stairs":1,"minecraft:cobblestone":55,"minecraft:cooked_cod":2,"minecraft:furnace":1,"tombstone:gift":2,"minecraft:golden_axe":18},"minecraft:mined":{"minecraft:white_bed":1,"minecraft:acacia_log":4,"minecraft:grass_block":1,"seadwellers:aquamarine_crystal":1,"minecraft:tall_grass":1,"minecraft:copper_ore":1,"minecraft:cobblestone":3,"minecraft:sugar_cane":2,"minecraft:diorite":1,"minecraft:hay_block":54,"alexscaves:radrock_uranium_ore":1,"minecraft:acacia_sapling":4,"minecraft:mud":1,"minecraft:carrots":3,"minecraft:iron_ore":8,"minecraft:wheat":2,"minecraft:grass":19,"minecraft:coal_ore":7,"minecraft:oak_stairs":1,"minecraft:sand":2,"minecraft:dripstone_block":1,"minecraft:dirt":5,"minecraft:stripped_oak_log":8,"minecraft:acacia_planks":3,"minecraft:stone":89,"minecraft:oak_leaves":1},"minecraft:dropped":{"minecraft:bread":29,"hexerei:sage_seed":4,"alexscaves:uranium":1,"minecraft:raw_iron":5,"minecraft:rotten_flesh":4,"world:crystal_9":1,"minecraft:acacia_log":16,"minecraft:dirt":19,"minecraft:wooden_axe":1,"minecraft:acacia_sapling":1,"minecraft:oak_stairs":1,"minecraft:wooden_pickaxe":1},"minecraft:picked_up":{"minecraft:wooden_axe":2,"minecraft:stripped_oak_log":8,"minecraft:birch_log":4,"minecraft:wheat":1,"minecraft:glow_ink_sac":1,"minecraft:oak_stairs":1,"seadwellers:aquamarine":1,"minecraft:stone_brick_stairs":1,"minecraft:oak_log":12,"minecraft:gunpowder":11,"minecraft:cornflower":1,"minecraft:string":1,"minecraft:dirt":27,"minecraft:raw_copper":4,"minecraft:item_frame":1,"minecraft:bone":9,"minecraft:acacia_planks":2,"minecraft:wheat_seeds":3,"minecraft:sugar_cane":4,"minecraft:acacia_sapling":11,"tameablebeasts:purple_allay":1,"world:crystal_10":5,"minecraft:stick":14,"minecraft:raw_iron":8,"world:crystal_9":3,"minecraft:acacia_log":32,"minecraft:dripstone_block":3,"alexscaves:uranium":1,"minecraft:sand":2,"tombstone:grave_dust":1,"minecraft:diorite":1,"minecraft:white_bed":2,"minecraft:carrot":9,"world:ring_1":1,"hexerei:sage_seed":6,"minecraft:arrow":1,"minecraft:rotten_flesh":31,"waystones:waystone":10,"minecraft:hay_block":54,"duckensinvasion:duck_feather":2,"minecraft:bread":20,"sophisticatedbackpacks:copper_backpack":1,"minecraft:coal":7,"minecraft:cobblestone":99}},"DataVersion":3465}