{"stats":{"minecraft:killed":{"world:goblin":1,"minecraft:spider":1,"world:dryad_2":1,"world:appleant_2":4,"minecraft:pillager":3,"minecraft:zombie":8},"minecraft:picked_up":{"minecraft:glow_ink_sac":1,"minecraft:stone_brick_stairs":1,"minecraft:oak_log":3,"minecraft:gunpowder":2,"minecraft:dirt":15,"minecraft:bone":1,"minecraft:acacia_sapling":6,"tameablebeasts:purple_allay":1,"minecraft:raw_iron":2,"minecraft:stick":6,"minecraft:acacia_log":19,"minecraft:dripstone_block":1,"tombstone:grave_dust":1,"minecraft:diorite":1,"minecraft:white_bed":2,"hexerei:sage_seed":6,"minecraft:rotten_flesh":20,"waystones:waystone":3,"minecraft:hay_block":9,"minecraft:bread":20,"minecraft:cobblestone":18},"minecraft:used":{"minecraft:stone_pickaxe":20,"minecraft:wooden_pickaxe":3,"minecraft:golden_apple":1,"minecraft:dirt":10,"simplyswords:iron_chakram":117,"minecraft:crafting_table":2,"minecraft:white_bed":1,"tombstone:bag_of_seeds":1,"waystones:waystone":2,"minecraft:wooden_axe":6,"minecraft:bread":33,"minecraft:stone_brick_stairs":1,"minecraft:cobblestone":13,"minecraft:golden_axe":1},"minecraft:crafted":{"minecraft:oak_planks":12,"minecraft:crafting_table":2,"minecraft:wooden_pickaxe":1,"minecraft:bread":27,"minecraft:stick":8,"minecraft:stone_pickaxe":1,"minecraft:wooden_axe":1,"minecraft:acacia_planks":12,"minecraft:wheat":81},"minecraft:killed_by":{"minecraft:player":1,"minecraft:skeleton":1,"minecraft:zombie":2,"world:appleant_2":1},"minecraft:dropped":{"hexerei:sage_seed":4,"minecraft:rotten_flesh":4,"minecraft:acacia_log":16,"minecraft:dirt":19,"minecraft:acacia_sapling":1,"minecraft:wooden_pickaxe":1},"minecraft:custom":{"minecraft:mob_kills":20,"tombstone:raider_killed":3,"minecraft:interact_with_crafting_table":5,"minecraft:open_barrel":2,"minecraft:time_since_death":22312,"minecraft:sleep_in_bed":6,"minecraft:climb_one_cm":1301,"minecraft:time_since_rest":2874,"minecraft:waystone_activated":4,"minecraft:sprint_one_cm":157951,"minecraft:walk_one_cm":108440,"minecraft:damage_taken":3250,"minecraft:damage_absorbed":40,"minecraft:drop":7,"minecraft:damage_dealt":5329,"minecraft:swim_one_cm":38258,"minecraft:fly_one_cm":408339,"minecraft:open_chest":5,"minecraft:crouch_one_cm":2782,"minecraft:play_time":54038,"tombstone:undead_killed":8,"minecraft:deaths":6,"minecraft:sneak_time":1135,"minecraft:walk_under_water_one_cm":4929,"minecraft:jump":1824,"minecraft:walk_on_water_one_cm":13463,"minecraft:total_world_time":54038,"minecraft:fall_one_cm":67386},"minecraft:mined":{"minecraft:white_bed":1,"minecraft:acacia_log":3,"minecraft:tall_grass":1,"minecraft:diorite":1,"minecraft:hay_block":9,"minecraft:acacia_sapling":2,"minecraft:iron_ore":2,"minecraft:grass":13,"minecraft:dripstone_block":1,"minecraft:stone":18}},"DataVersion":3465}