{"stats":{"minecraft:killed":{"minecraft:sheep":1,"minecraft:skeleton":1,"minecraft:zombie":1},"minecraft:picked_up":{"minecraft:birch_log":2,"minecraft:charcoal":2,"minecraft:crafting_table":1,"minecraft:dirt":10,"minecraft:cooked_salmon":2,"minecraft:item_frame":1,"hexerei:sage_seed":1,"minecraft:oak_wood":2,"minecraft:rotten_flesh":1,"minecraft:wheat_seeds":1,"waystones:waystone":3,"minecraft:bread":20,"minecraft:mutton":2,"minecraft:white_wool":1,"minecraft:cobblestone":14,"minecraft:egg":1},"minecraft:used":{"minecraft:bread":6,"minecraft:wooden_pickaxe":20,"minecraft:cooked_salmon":1,"minecraft:wooden_sword":7,"minecraft:dirt":10,"minecraft:mutton":2,"minecraft:crafting_table":2,"minecraft:egg":1},"minecraft:crafted":{"minecraft:wooden_sword":1,"minecraft:oak_planks":8,"minecraft:crafting_table":1,"minecraft:stick":4,"minecraft:wooden_pickaxe":1,"minecraft:birch_planks":8},"minecraft:killed_by":{"minecraft:drowned":1},"minecraft:dropped":{"hexerei:sage_seed":1},"minecraft:custom":{"minecraft:time_since_rest":2369,"minecraft:sprint_one_cm":67379,"minecraft:damage_taken":881,"minecraft:walk_one_cm":62709,"minecraft:mob_kills":3,"minecraft:drop":1,"minecraft:damage_dealt":332,"minecraft:swim_one_cm":47025,"minecraft:interact_with_crafting_table":3,"minecraft:fly_one_cm":198736,"minecraft:open_barrel":1,"minecraft:open_chest":1,"minecraft:crouch_one_cm":507,"minecraft:play_time":22533,"tombstone:undead_killed":2,"minecraft:deaths":2,"minecraft:sneak_time":130,"minecraft:walk_under_water_one_cm":1817,"minecraft:jump":718,"minecraft:walk_on_water_one_cm":11687,"minecraft:time_since_death":4768,"minecraft:total_world_time":22533,"minecraft:climb_one_cm":476,"minecraft:fall_one_cm":14213},"minecraft:mined":{"minecraft:birch_log":2,"minecraft:crafting_table":1,"minecraft:grass_block":5,"minecraft:grass":3,"minecraft:oak_wood":2,"world:pf_2":1,"minecraft:dirt":5,"minecraft:campfire":1,"minecraft:stone":14,"minecraft:oak_leaves":2}},"DataVersion":3465}