{"stats":{"minecraft:killed":{"minecraft:sheep":1,"minecraft:skeleton":1,"minecraft:zombie":8},"minecraft:killed_by":{"minecraft:creeper":1,"minecraft:drowned":1},"minecraft:custom":{"minecraft:interact_with_furnace":6,"minecraft:mob_kills":10,"minecraft:interact_with_crafting_table":23,"minecraft:open_barrel":1,"minecraft:leave_game":2,"minecraft:time_since_death":82777,"minecraft:sleep_in_bed":6,"minecraft:climb_one_cm":1126,"minecraft:time_since_rest":9768,"minecraft:waystone_activated":1,"minecraft:sprint_one_cm":266659,"minecraft:damage_taken":2491,"minecraft:walk_one_cm":505711,"minecraft:drop":3,"minecraft:damage_dealt":2285,"minecraft:swim_one_cm":47025,"minecraft:fly_one_cm":514864,"minecraft:open_chest":1,"minecraft:crouch_one_cm":7054,"minecraft:play_time":124249,"tombstone:undead_killed":9,"minecraft:deaths":3,"minecraft:sneak_time":2086,"minecraft:walk_under_water_one_cm":1817,"minecraft:jump":2691,"minecraft:walk_on_water_one_cm":11837,"minecraft:total_world_time":124249,"minecraft:fall_one_cm":64589},"minecraft:crafted":{"minecraft:cherry_planks":84,"minecraft:wooden_sword":1,"minecraft:oak_planks":404,"minecraft:wooden_shovel":1,"minecraft:crafting_table":2,"minecraft:wooden_pickaxe":1,"minecraft:iron_sword":1,"minecraft:furnace":1,"minecraft:bucket":1,"minecraft:birch_planks":8,"minecraft:stone_axe":2,"minecraft:air":0,"minecraft:oak_fence_gate":2,"minecraft:shield":1,"minecraft:stick":24,"minecraft:iron_ingot":11,"minecraft:cherry_stairs":28,"minecraft:iron_pickaxe":1,"minecraft:stone_pickaxe":1,"minecraft:cherry_door":3,"minecraft:torch":4,"minecraft:oak_fence":3},"minecraft:broken":{"minecraft:stone_pickaxe":1,"minecraft:wooden_sword":1},"minecraft:used":{"minecraft:oak_fence":1,"minecraft:cherry_sapling":10,"minecraft:stone_pickaxe":96,"minecraft:oak_planks":432,"minecraft:wooden_pickaxe":40,"minecraft:cherry_planks":53,"minecraft:iron_sword":3,"minecraft:wooden_shovel":41,"minecraft:cooked_salmon":4,"minecraft:white_wool":1,"minecraft:torch":5,"minecraft:dirt":62,"minecraft:mutton":2,"minecraft:crafting_table":6,"minecraft:white_bed":2,"minecraft:oak_fence_gate":3,"waystones:waystone":1,"minecraft:apple":5,"minecraft:cherry_door":2,"minecraft:bread":31,"minecraft:item_frame":2,"minecraft:stone_axe":147,"minecraft:wooden_sword":58,"minecraft:cobblestone":112,"minecraft:cherry_stairs":37,"minecraft:furnace":2,"minecraft:oak_sapling":31,"minecraft:egg":1,"alexscaves:radrock":1},"minecraft:mined":{"minecraft:white_bed":2,"minecraft:oak_sapling":1,"minecraft:cherry_planks":18,"minecraft:crafting_table":4,"minecraft:oak_wood":2,"minecraft:grass_block":23,"world:pf_2":1,"minecraft:campfire":1,"minecraft:tall_grass":10,"minecraft:cobblestone":2,"world:oak":1,"minecraft:oak_planks":71,"minecraft:wall_torch":1,"minecraft:furnace":1,"minecraft:birch_log":2,"minecraft:iron_ore":11,"minecraft:birch_leaves":1,"minecraft:grass":121,"minecraft:oak_log":20,"minecraft:coal_ore":10,"minecraft:dirt_path":1,"minecraft:oak_fence_gate":1,"minecraft:dirt":49,"minecraft:stone":105,"minecraft:cherry_stairs":9,"minecraft:oak_leaves":9},"minecraft:dropped":{"hexerei:sage_seed":1,"minecraft:oak_sapling":2},"minecraft:picked_up":{"minecraft:birch_log":2,"minecraft:charcoal":2,"minecraft:crafting_table":4,"minecraft:cherry_planks":17,"minecraft:oak_log":99,"minecraft:dirt":80,"minecraft:cooked_salmon":2,"minecraft:item_frame":2,"minecraft:apple":6,"alexscaves:toxic_paste":2,"minecraft:wheat_seeds":17,"minecraft:oak_fence_gate":1,"minecraft:poppy":1,"minecraft:oak_planks":71,"minecraft:furnace":1,"minecraft:egg":1,"minecraft:raw_iron":11,"minecraft:stick":27,"minecraft:cherry_stairs":9,"world:crystal_9":1,"minecraft:torch":2,"minecraft:dandelion":2,"minecraft:cherry_log":21,"tombstone:grave_dust":4,"minecraft:white_bed":2,"hexerei:sage_seed":13,"minecraft:oak_wood":2,"minecraft:rotten_flesh":20,"waystones:waystone":3,"minecraft:cherry_sapling":14,"minecraft:bread":49,"minecraft:oak_sapling":33,"minecraft:mutton":2,"minecraft:coal":22,"minecraft:white_wool":1,"minecraft:cobblestone":103}},"DataVersion":3465}