{"stats":{"minecraft:killed":{"minecraft:sheep":1,"minecraft:skeleton":1,"minecraft:zombie":1},"minecraft:picked_up":{"minecraft:birch_log":2,"minecraft:crafting_table":3,"minecraft:charcoal":2,"minecraft:stick":1,"minecraft:oak_log":25,"minecraft:dirt":11,"minecraft:cooked_salmon":2,"hexerei:sage_seed":8,"minecraft:oak_wood":2,"minecraft:item_frame":1,"minecraft:rotten_flesh":2,"minecraft:apple":3,"minecraft:wheat_seeds":10,"waystones:waystone":3,"minecraft:bread":20,"minecraft:oak_sapling":9,"minecraft:mutton":2,"minecraft:oak_planks":7,"minecraft:white_wool":1,"minecraft:cobblestone":20,"minecraft:egg":1},"minecraft:used":{"minecraft:bread":9,"minecraft:oak_planks":74,"minecraft:wooden_pickaxe":26,"minecraft:cooked_salmon":1,"minecraft:wooden_sword":8,"minecraft:dirt":10,"minecraft:stone_axe":33,"minecraft:mutton":2,"minecraft:crafting_table":4,"minecraft:egg":1,"waystones:waystone":1},"minecraft:crafted":{"minecraft:wooden_sword":1,"minecraft:oak_planks":108,"minecraft:crafting_table":2,"minecraft:stick":12,"minecraft:wooden_pickaxe":1,"minecraft:stone_pickaxe":1,"minecraft:birch_planks":8,"minecraft:stone_axe":1},"minecraft:killed_by":{"minecraft:drowned":1,"minecraft:creeper":1},"minecraft:dropped":{"hexerei:sage_seed":1},"minecraft:custom":{"minecraft:waystone_activated":1,"minecraft:time_since_rest":2197,"minecraft:sprint_one_cm":125519,"minecraft:damage_taken":1161,"minecraft:walk_one_cm":137840,"minecraft:mob_kills":3,"minecraft:drop":1,"minecraft:damage_dealt":332,"minecraft:interact_with_crafting_table":6,"minecraft:swim_one_cm":47025,"minecraft:fly_one_cm":292893,"minecraft:open_barrel":1,"minecraft:play_time":46068,"minecraft:open_chest":1,"minecraft:crouch_one_cm":634,"tombstone:undead_killed":2,"minecraft:deaths":3,"minecraft:sneak_time":262,"minecraft:walk_under_water_one_cm":1817,"minecraft:jump":1177,"minecraft:leave_game":1,"minecraft:time_since_death":4596,"minecraft:walk_on_water_one_cm":11687,"minecraft:sleep_in_bed":2,"minecraft:total_world_time":46068,"minecraft:climb_one_cm":476,"minecraft:fall_one_cm":25408},"minecraft:mined":{"minecraft:birch_log":2,"minecraft:birch_leaves":1,"minecraft:crafting_table":3,"minecraft:grass":73,"minecraft:oak_wood":2,"minecraft:grass_block":5,"minecraft:oak_log":20,"world:pf_2":1,"minecraft:dirt_path":1,"minecraft:dirt":5,"minecraft:campfire":1,"minecraft:stone":20,"minecraft:oak_planks":7,"minecraft:oak_leaves":7}},"DataVersion":3465}