{"stats":{"minecraft:killed":{"minecraft:sheep":1,"minecraft:skeleton":1,"minecraft:zombie":5},"minecraft:killed_by":{"minecraft:creeper":1,"minecraft:drowned":1},"minecraft:custom":{"minecraft:interact_with_furnace":3,"minecraft:mob_kills":7,"minecraft:interact_with_crafting_table":20,"minecraft:open_barrel":1,"minecraft:leave_game":2,"minecraft:time_since_death":70777,"minecraft:sleep_in_bed":5,"minecraft:climb_one_cm":1126,"minecraft:time_since_rest":17494,"minecraft:waystone_activated":1,"minecraft:sprint_one_cm":247150,"minecraft:damage_taken":2291,"minecraft:walk_one_cm":443714,"minecraft:drop":3,"minecraft:damage_dealt":1506,"minecraft:swim_one_cm":47025,"minecraft:fly_one_cm":488298,"minecraft:open_chest":1,"minecraft:crouch_one_cm":5214,"minecraft:play_time":112249,"tombstone:undead_killed":6,"minecraft:deaths":3,"minecraft:sneak_time":1521,"minecraft:walk_under_water_one_cm":1817,"minecraft:jump":2555,"minecraft:walk_on_water_one_cm":11837,"minecraft:total_world_time":112249,"minecraft:fall_one_cm":61864},"minecraft:crafted":{"minecraft:cherry_planks":84,"minecraft:wooden_sword":1,"minecraft:oak_planks":360,"minecraft:wooden_shovel":1,"minecraft:crafting_table":2,"minecraft:wooden_pickaxe":1,"minecraft:furnace":1,"minecraft:bucket":1,"minecraft:birch_planks":8,"minecraft:stone_axe":2,"minecraft:air":0,"minecraft:stick":20,"minecraft:iron_ingot":11,"minecraft:cherry_stairs":28,"minecraft:iron_pickaxe":1,"minecraft:stone_pickaxe":1,"minecraft:cherry_door":3,"minecraft:torch":4,"minecraft:oak_fence":3},"minecraft:broken":{"minecraft:stone_pickaxe":1},"minecraft:used":{"minecraft:cherry_sapling":10,"minecraft:stone_pickaxe":96,"minecraft:oak_planks":368,"minecraft:wooden_pickaxe":39,"minecraft:cherry_planks":51,"minecraft:wooden_shovel":32,"minecraft:cooked_salmon":4,"minecraft:white_wool":1,"minecraft:torch":5,"minecraft:dirt":21,"minecraft:mutton":2,"minecraft:crafting_table":5,"minecraft:white_bed":1,"waystones:waystone":1,"minecraft:apple":5,"minecraft:cherry_door":2,"minecraft:bread":27,"minecraft:item_frame":2,"minecraft:stone_axe":135,"minecraft:wooden_sword":39,"minecraft:cobblestone":112,"minecraft:cherry_stairs":36,"minecraft:furnace":1,"minecraft:oak_sapling":23,"minecraft:egg":1,"alexscaves:radrock":1},"minecraft:mined":{"minecraft:white_bed":1,"minecraft:oak_sapling":1,"minecraft:cherry_planks":16,"minecraft:crafting_table":3,"minecraft:oak_wood":2,"minecraft:grass_block":15,"world:pf_2":1,"minecraft:campfire":1,"minecraft:tall_grass":10,"minecraft:cobblestone":2,"world:oak":1,"minecraft:oak_planks":66,"minecraft:wall_torch":1,"minecraft:birch_log":2,"minecraft:iron_ore":11,"minecraft:birch_leaves":1,"minecraft:grass":120,"minecraft:oak_log":20,"minecraft:coal_ore":10,"minecraft:dirt_path":1,"minecraft:dirt":49,"minecraft:stone":105,"minecraft:cherry_stairs":9,"minecraft:oak_leaves":9},"minecraft:dropped":{"hexerei:sage_seed":1,"minecraft:oak_sapling":2},"minecraft:picked_up":{"minecraft:birch_log":2,"minecraft:charcoal":2,"minecraft:crafting_table":3,"minecraft:cherry_planks":16,"minecraft:oak_log":88,"minecraft:dirt":55,"minecraft:cooked_salmon":2,"minecraft:item_frame":2,"minecraft:apple":5,"alexscaves:toxic_paste":2,"minecraft:wheat_seeds":17,"minecraft:oak_planks":66,"minecraft:egg":1,"minecraft:raw_iron":11,"minecraft:stick":22,"minecraft:cherry_stairs":9,"world:crystal_9":1,"minecraft:torch":2,"minecraft:cherry_log":21,"tombstone:grave_dust":2,"minecraft:white_bed":1,"hexerei:sage_seed":11,"minecraft:oak_wood":2,"minecraft:rotten_flesh":13,"waystones:waystone":3,"minecraft:cherry_sapling":14,"minecraft:bread":49,"minecraft:oak_sapling":28,"minecraft:mutton":2,"minecraft:coal":10,"minecraft:white_wool":1,"minecraft:cobblestone":103}},"DataVersion":3465}