{"stats":{"minecraft:killed":{"minecraft:sheep":1},"minecraft:picked_up":{"minecraft:crafting_table":1,"minecraft:oak_wood":2,"hexerei:sage_seed":1,"minecraft:wheat_seeds":1,"waystones:waystone":3,"minecraft:bread":20,"minecraft:mutton":2,"minecraft:white_wool":1},"minecraft:used":{"minecraft:mutton":2,"minecraft:crafting_table":1},"minecraft:crafted":{"minecraft:wooden_sword":1,"minecraft:oak_planks":8,"minecraft:crafting_table":1,"minecraft:stick":4},"minecraft:dropped":{"hexerei:sage_seed":1},"minecraft:custom":{"minecraft:time_since_rest":7469,"minecraft:crouch_one_cm":15,"minecraft:play_time":10533,"minecraft:sprint_one_cm":35147,"minecraft:walk_one_cm":28831,"minecraft:damage_taken":311,"minecraft:deaths":1,"minecraft:sneak_time":15,"minecraft:walk_under_water_one_cm":239,"minecraft:mob_kills":1,"minecraft:drop":1,"minecraft:jump":372,"minecraft:damage_dealt":117,"minecraft:time_since_death":7929,"minecraft:walk_on_water_one_cm":3207,"minecraft:total_world_time":10533,"minecraft:swim_one_cm":7372,"minecraft:interact_with_crafting_table":2,"minecraft:fall_one_cm":7265,"minecraft:fly_one_cm":100985},"minecraft:mined":{"minecraft:grass":2,"minecraft:oak_wood":2,"world:pf_2":1,"minecraft:crafting_table":1,"minecraft:oak_leaves":2}},"DataVersion":3465}