{"stats":{"minecraft:killed":{"minecraft:sheep":1,"minecraft:skeleton":1,"minecraft:zombie":1},"minecraft:killed_by":{"minecraft:creeper":1,"minecraft:drowned":1},"minecraft:custom":{"minecraft:mob_kills":3,"minecraft:interact_with_crafting_table":14,"minecraft:open_barrel":1,"minecraft:leave_game":2,"minecraft:time_since_death":58777,"minecraft:sleep_in_bed":5,"minecraft:climb_one_cm":1126,"minecraft:time_since_rest":5494,"minecraft:waystone_activated":1,"minecraft:sprint_one_cm":231763,"minecraft:damage_taken":1821,"minecraft:walk_one_cm":378737,"minecraft:drop":3,"minecraft:damage_dealt":714,"minecraft:swim_one_cm":47025,"minecraft:fly_one_cm":473017,"minecraft:open_chest":1,"minecraft:crouch_one_cm":4448,"minecraft:play_time":100249,"tombstone:undead_killed":2,"minecraft:deaths":3,"minecraft:sneak_time":1194,"minecraft:walk_under_water_one_cm":1817,"minecraft:jump":2336,"minecraft:walk_on_water_one_cm":11687,"minecraft:total_world_time":100249,"minecraft:fall_one_cm":59436},"minecraft:crafted":{"minecraft:cherry_planks":84,"minecraft:wooden_sword":1,"minecraft:oak_planks":296,"minecraft:wooden_shovel":1,"minecraft:crafting_table":2,"minecraft:wooden_pickaxe":1,"minecraft:birch_planks":8,"minecraft:stone_axe":2,"minecraft:stick":12,"minecraft:cherry_stairs":28,"minecraft:stone_pickaxe":1,"minecraft:cherry_door":3,"minecraft:torch":4},"minecraft:used":{"minecraft:cherry_sapling":10,"minecraft:stone_pickaxe":74,"minecraft:oak_planks":322,"minecraft:wooden_pickaxe":26,"minecraft:cherry_planks":50,"minecraft:wooden_shovel":32,"minecraft:cooked_salmon":4,"minecraft:white_wool":1,"minecraft:dirt":21,"minecraft:mutton":2,"minecraft:crafting_table":5,"minecraft:white_bed":1,"waystones:waystone":1,"minecraft:apple":2,"minecraft:cherry_door":2,"minecraft:bread":21,"minecraft:stone_axe":113,"minecraft:wooden_sword":15,"minecraft:cobblestone":100,"minecraft:cherry_stairs":36,"minecraft:oak_sapling":23,"minecraft:egg":1,"alexscaves:radrock":1},"minecraft:mined":{"minecraft:white_bed":1,"minecraft:oak_sapling":1,"minecraft:cherry_planks":16,"minecraft:crafting_table":3,"minecraft:oak_wood":2,"minecraft:grass_block":15,"world:pf_2":1,"minecraft:campfire":1,"minecraft:tall_grass":10,"minecraft:cobblestone":1,"world:oak":1,"minecraft:oak_planks":49,"minecraft:birch_log":2,"minecraft:birch_leaves":1,"minecraft:grass":118,"minecraft:oak_log":20,"minecraft:coal_ore":6,"minecraft:dirt_path":1,"minecraft:dirt":49,"minecraft:stone":86,"minecraft:cherry_stairs":9,"minecraft:oak_leaves":9},"minecraft:dropped":{"hexerei:sage_seed":1,"minecraft:oak_sapling":2},"minecraft:picked_up":{"minecraft:birch_log":2,"minecraft:charcoal":2,"minecraft:crafting_table":3,"minecraft:cherry_planks":16,"minecraft:oak_log":72,"minecraft:dirt":55,"minecraft:cooked_salmon":2,"minecraft:item_frame":1,"minecraft:apple":5,"alexscaves:toxic_paste":2,"minecraft:wheat_seeds":16,"minecraft:oak_planks":49,"minecraft:egg":1,"minecraft:stick":18,"minecraft:cherry_stairs":9,"world:crystal_9":1,"minecraft:cherry_log":21,"minecraft:white_bed":1,"hexerei:sage_seed":11,"minecraft:oak_wood":2,"minecraft:rotten_flesh":8,"waystones:waystone":3,"minecraft:cherry_sapling":14,"minecraft:bread":49,"minecraft:oak_sapling":25,"minecraft:mutton":2,"minecraft:coal":6,"minecraft:white_wool":1,"minecraft:cobblestone":83}},"DataVersion":3465}