{"stats":{"minecraft:killed":{"minecraft:sheep":1,"minecraft:skeleton":1,"minecraft:zombie":1},"minecraft:killed_by":{"minecraft:creeper":1,"minecraft:drowned":1},"minecraft:custom":{"minecraft:mob_kills":3,"minecraft:interact_with_crafting_table":10,"minecraft:open_barrel":1,"minecraft:leave_game":2,"minecraft:time_since_death":46777,"minecraft:sleep_in_bed":4,"minecraft:climb_one_cm":1126,"minecraft:time_since_rest":15733,"minecraft:waystone_activated":1,"minecraft:sprint_one_cm":219791,"minecraft:damage_taken":1501,"minecraft:walk_one_cm":314552,"minecraft:drop":1,"minecraft:damage_dealt":714,"minecraft:swim_one_cm":47025,"minecraft:fly_one_cm":461987,"minecraft:open_chest":1,"minecraft:crouch_one_cm":2930,"minecraft:play_time":88249,"tombstone:undead_killed":2,"minecraft:deaths":3,"minecraft:sneak_time":912,"minecraft:walk_under_water_one_cm":1817,"minecraft:jump":2182,"minecraft:walk_on_water_one_cm":11687,"minecraft:total_world_time":88249,"minecraft:fall_one_cm":55063},"minecraft:crafted":{"minecraft:cherry_planks":84,"minecraft:wooden_sword":1,"minecraft:oak_planks":296,"minecraft:crafting_table":2,"minecraft:wooden_pickaxe":1,"minecraft:birch_planks":8,"minecraft:stone_axe":2,"minecraft:stick":12,"minecraft:cherry_stairs":12,"minecraft:stone_pickaxe":1,"minecraft:cherry_door":3},"minecraft:used":{"minecraft:cherry_sapling":10,"minecraft:stone_pickaxe":63,"minecraft:oak_planks":270,"minecraft:wooden_pickaxe":26,"minecraft:cherry_planks":33,"minecraft:cooked_salmon":1,"minecraft:dirt":21,"minecraft:mutton":2,"minecraft:crafting_table":5,"minecraft:white_bed":1,"waystones:waystone":1,"minecraft:cherry_door":2,"minecraft:bread":19,"minecraft:stone_axe":80,"minecraft:wooden_sword":15,"minecraft:cobblestone":93,"minecraft:cherry_stairs":9,"minecraft:oak_sapling":23,"minecraft:egg":1},"minecraft:mined":{"minecraft:white_bed":1,"minecraft:oak_sapling":1,"minecraft:cherry_planks":4,"minecraft:crafting_table":3,"minecraft:oak_wood":2,"minecraft:grass_block":15,"world:pf_2":1,"minecraft:campfire":1,"minecraft:tall_grass":10,"minecraft:cobblestone":1,"world:oak":1,"minecraft:oak_planks":37,"minecraft:birch_log":2,"minecraft:birch_leaves":1,"minecraft:grass":118,"minecraft:oak_log":20,"minecraft:coal_ore":6,"minecraft:dirt_path":1,"minecraft:dirt":17,"minecraft:stone":75,"minecraft:oak_leaves":9},"minecraft:dropped":{"hexerei:sage_seed":1},"minecraft:picked_up":{"minecraft:birch_log":2,"minecraft:charcoal":2,"minecraft:crafting_table":3,"minecraft:cherry_planks":4,"minecraft:oak_log":72,"minecraft:dirt":33,"minecraft:cooked_salmon":2,"minecraft:item_frame":1,"minecraft:apple":5,"minecraft:wheat_seeds":16,"minecraft:oak_planks":37,"minecraft:egg":1,"minecraft:stick":18,"minecraft:cherry_log":21,"minecraft:white_bed":1,"hexerei:sage_seed":11,"minecraft:oak_wood":2,"minecraft:rotten_flesh":8,"waystones:waystone":3,"minecraft:cherry_sapling":14,"minecraft:bread":20,"minecraft:oak_sapling":25,"minecraft:mutton":2,"minecraft:coal":6,"minecraft:white_wool":1,"minecraft:cobblestone":76}},"DataVersion":3465}