{"stats":{"minecraft:killed":{"minecraft:sheep":1,"minecraft:skeleton":1,"minecraft:zombie":1},"minecraft:picked_up":{"minecraft:birch_log":2,"minecraft:charcoal":2,"minecraft:crafting_table":3,"minecraft:cherry_planks":4,"minecraft:oak_log":62,"minecraft:dirt":30,"minecraft:cooked_salmon":2,"minecraft:item_frame":1,"minecraft:apple":5,"minecraft:wheat_seeds":15,"minecraft:oak_planks":25,"minecraft:egg":1,"minecraft:stick":18,"minecraft:cherry_log":21,"hexerei:sage_seed":11,"minecraft:oak_wood":2,"minecraft:rotten_flesh":3,"waystones:waystone":3,"minecraft:cherry_sapling":14,"minecraft:bread":20,"minecraft:oak_sapling":23,"minecraft:mutton":2,"minecraft:coal":6,"minecraft:white_wool":1,"minecraft:cobblestone":55},"minecraft:used":{"minecraft:cherry_sapling":10,"minecraft:stone_pickaxe":41,"minecraft:oak_planks":266,"minecraft:wooden_pickaxe":26,"minecraft:cherry_planks":33,"minecraft:cooked_salmon":1,"minecraft:dirt":17,"minecraft:mutton":2,"minecraft:crafting_table":5,"waystones:waystone":1,"minecraft:cherry_door":2,"minecraft:bread":17,"minecraft:stone_axe":63,"minecraft:wooden_sword":8,"minecraft:cobblestone":49,"minecraft:cherry_stairs":9,"minecraft:oak_sapling":23,"minecraft:egg":1},"minecraft:crafted":{"minecraft:cherry_planks":84,"minecraft:wooden_sword":1,"minecraft:oak_planks":256,"minecraft:crafting_table":2,"minecraft:wooden_pickaxe":1,"minecraft:birch_planks":8,"minecraft:stone_axe":1,"minecraft:stick":12,"minecraft:cherry_stairs":12,"minecraft:stone_pickaxe":1,"minecraft:cherry_door":3},"minecraft:killed_by":{"minecraft:creeper":1,"minecraft:drowned":1},"minecraft:custom":{"minecraft:mob_kills":3,"minecraft:interact_with_crafting_table":8,"minecraft:open_barrel":1,"minecraft:leave_game":2,"minecraft:time_since_death":37053,"minecraft:sleep_in_bed":4,"minecraft:climb_one_cm":1126,"minecraft:time_since_rest":6009,"minecraft:waystone_activated":1,"minecraft:sprint_one_cm":202141,"minecraft:damage_taken":1311,"minecraft:walk_one_cm":269586,"minecraft:drop":1,"minecraft:damage_dealt":332,"minecraft:swim_one_cm":47025,"minecraft:fly_one_cm":431096,"minecraft:open_chest":1,"minecraft:crouch_one_cm":1131,"minecraft:play_time":78525,"tombstone:undead_killed":2,"minecraft:deaths":3,"minecraft:sneak_time":496,"minecraft:walk_under_water_one_cm":1817,"minecraft:jump":1989,"minecraft:walk_on_water_one_cm":11687,"minecraft:total_world_time":78525,"minecraft:fall_one_cm":51027},"minecraft:dropped":{"hexerei:sage_seed":1},"minecraft:mined":{"minecraft:oak_sapling":1,"minecraft:cherry_planks":4,"minecraft:crafting_table":3,"minecraft:oak_wood":2,"minecraft:grass_block":12,"world:pf_2":1,"minecraft:campfire":1,"minecraft:cobblestone":1,"minecraft:tall_grass":10,"world:oak":1,"minecraft:oak_planks":25,"minecraft:birch_log":2,"minecraft:birch_leaves":1,"minecraft:grass":115,"minecraft:coal_ore":6,"minecraft:oak_log":20,"minecraft:dirt_path":1,"minecraft:dirt":17,"minecraft:stone":54,"minecraft:oak_leaves":9}},"DataVersion":3465}