{"stats":{"minecraft:killed":{"minecraft:sheep":1,"minecraft:skeleton":1,"minecraft:zombie":1},"minecraft:picked_up":{"minecraft:birch_log":2,"minecraft:crafting_table":3,"minecraft:charcoal":2,"minecraft:stick":7,"minecraft:oak_log":47,"minecraft:dirt":29,"minecraft:cooked_salmon":2,"hexerei:sage_seed":11,"minecraft:oak_wood":2,"minecraft:item_frame":1,"minecraft:rotten_flesh":2,"minecraft:apple":3,"minecraft:wheat_seeds":13,"waystones:waystone":3,"minecraft:bread":20,"minecraft:oak_sapling":18,"minecraft:mutton":2,"minecraft:oak_planks":17,"minecraft:white_wool":1,"minecraft:cobblestone":20,"minecraft:egg":1},"minecraft:used":{"minecraft:bread":11,"minecraft:oak_planks":201,"minecraft:wooden_pickaxe":26,"minecraft:cooked_salmon":1,"minecraft:wooden_sword":8,"minecraft:dirt":10,"minecraft:stone_axe":44,"minecraft:mutton":2,"minecraft:crafting_table":4,"minecraft:egg":1,"waystones:waystone":1},"minecraft:crafted":{"minecraft:wooden_sword":1,"minecraft:oak_planks":196,"minecraft:crafting_table":2,"minecraft:stick":12,"minecraft:wooden_pickaxe":1,"minecraft:stone_pickaxe":1,"minecraft:birch_planks":8,"minecraft:stone_axe":1},"minecraft:killed_by":{"minecraft:drowned":1,"minecraft:creeper":1},"minecraft:dropped":{"hexerei:sage_seed":1},"minecraft:custom":{"minecraft:waystone_activated":1,"minecraft:time_since_rest":877,"minecraft:sprint_one_cm":141526,"minecraft:damage_taken":1191,"minecraft:walk_one_cm":200750,"minecraft:mob_kills":3,"minecraft:drop":1,"minecraft:damage_dealt":332,"minecraft:interact_with_crafting_table":6,"minecraft:swim_one_cm":47025,"minecraft:fly_one_cm":333176,"minecraft:open_barrel":1,"minecraft:play_time":58068,"minecraft:open_chest":1,"minecraft:crouch_one_cm":640,"tombstone:undead_killed":2,"minecraft:deaths":3,"minecraft:sneak_time":292,"minecraft:walk_under_water_one_cm":1817,"minecraft:jump":1455,"minecraft:leave_game":1,"minecraft:time_since_death":16596,"minecraft:walk_on_water_one_cm":11687,"minecraft:sleep_in_bed":3,"minecraft:total_world_time":58068,"minecraft:climb_one_cm":798,"minecraft:fall_one_cm":35255},"minecraft:mined":{"minecraft:birch_log":2,"minecraft:birch_leaves":1,"minecraft:crafting_table":3,"minecraft:grass":104,"minecraft:oak_wood":2,"minecraft:grass_block":12,"minecraft:oak_log":20,"world:pf_2":1,"minecraft:dirt_path":1,"minecraft:dirt":16,"minecraft:campfire":1,"minecraft:tall_grass":8,"minecraft:stone":20,"minecraft:oak_planks":17,"minecraft:oak_leaves":7}},"DataVersion":3465}