{"stats":{"minecraft:killed":{"duckensinvasion:footsoldier_duck":3,"duckensinvasion:raptor_duck":2,"minecraft:sheep":1,"minecraft:skeleton":1,"minecraft:zombie":9,"duckensinvasion:armoured_duck":2,"duckensinvasion:archer_duck":5,"duckensinvasion:commaner_duckfighting":4},"minecraft:killed_by":{"minecraft:creeper":1,"duckensinvasion:archer_duck":1,"minecraft:drowned":1},"minecraft:custom":{"minecraft:interact_with_furnace":12,"minecraft:mob_kills":28,"minecraft:interact_with_crafting_table":29,"minecraft:open_barrel":1,"minecraft:leave_game":3,"minecraft:time_since_death":3282,"minecraft:sleep_in_bed":7,"minecraft:climb_one_cm":2927,"minecraft:time_since_rest":2311,"minecraft:waystone_activated":1,"minecraft:sprint_one_cm":357743,"minecraft:damage_taken":3859,"minecraft:walk_one_cm":601940,"minecraft:damage_blocked_by_shield":110,"minecraft:drop":3,"minecraft:damage_dealt":6277,"minecraft:swim_one_cm":47025,"minecraft:fly_one_cm":717625,"minecraft:open_chest":3,"minecraft:crouch_one_cm":10985,"minecraft:play_time":152284,"tombstone:undead_killed":10,"minecraft:deaths":6,"minecraft:sneak_time":2917,"minecraft:walk_under_water_one_cm":1817,"minecraft:jump":3448,"minecraft:walk_on_water_one_cm":11837,"minecraft:total_world_time":152284,"minecraft:fall_one_cm":87759},"minecraft:crafted":{"minecraft:cherry_planks":84,"minecraft:wooden_sword":1,"minecraft:oak_planks":456,"minecraft:wooden_shovel":1,"minecraft:crafting_table":2,"simplyswords:iron_katana":1,"minecraft:wooden_pickaxe":1,"minecraft:iron_helmet":1,"minecraft:iron_sword":1,"minecraft:furnace":1,"minecraft:bucket":1,"minecraft:birch_planks":8,"minecraft:stone_axe":2,"minecraft:air":0,"minecraft:oak_fence_gate":2,"minecraft:iron_boots":1,"minecraft:shield":2,"minecraft:iron_axe":1,"minecraft:stick":24,"minecraft:iron_ingot":24,"minecraft:cherry_stairs":28,"minecraft:iron_pickaxe":1,"minecraft:stone_pickaxe":1,"minecraft:cherry_door":3,"minecraft:torch":4,"minecraft:oak_fence":3},"minecraft:broken":{"minecraft:stone_pickaxe":1,"minecraft:wooden_shovel":1,"minecraft:stone_axe":1,"minecraft:wooden_sword":1},"minecraft:used":{"minecraft:oak_fence":1,"minecraft:cherry_sapling":15,"minecraft:stone_pickaxe":96,"minecraft:oak_planks":464,"minecraft:shield":3,"minecraft:wooden_pickaxe":40,"minecraft:cherry_planks":55,"minecraft:iron_sword":56,"minecraft:wooden_shovel":62,"minecraft:cooked_salmon":4,"minecraft:white_wool":1,"minecraft:torch":5,"minecraft:dirt":102,"minecraft:mutton":2,"minecraft:crafting_table":6,"simplyswords:iron_katana":31,"minecraft:white_bed":2,"minecraft:oak_fence_gate":3,"waystones:waystone":1,"minecraft:apple":6,"minecraft:cherry_door":2,"minecraft:iron_axe":6,"minecraft:bread":45,"minecraft:iron_boots":1,"minecraft:item_frame":2,"minecraft:stone_axe":150,"minecraft:wooden_sword":58,"minecraft:cobblestone":112,"minecraft:cherry_stairs":37,"minecraft:furnace":2,"minecraft:oak_sapling":31,"tombstone:gift":1,"minecraft:egg":1,"alexscaves:radrock":1},"minecraft:mined":{"minecraft:white_bed":2,"minecraft:oak_sapling":1,"minecraft:cherry_planks":19,"minecraft:crafting_table":4,"minecraft:oak_wood":2,"minecraft:grass_block":33,"world:pf_2":1,"minecraft:campfire":1,"minecraft:tall_grass":11,"minecraft:cobblestone":2,"world:oak":1,"minecraft:oak_planks":71,"minecraft:wall_torch":1,"minecraft:furnace":1,"minecraft:birch_log":2,"minecraft:iron_ore":11,"minecraft:birch_leaves":1,"minecraft:grass":133,"minecraft:oak_log":21,"minecraft:coal_ore":10,"minecraft:dirt_path":1,"minecraft:oak_fence_gate":1,"minecraft:dirt":60,"minecraft:stone":105,"minecraft:cherry_stairs":9,"minecraft:oak_leaves":10},"minecraft:dropped":{"hexerei:sage_seed":1,"minecraft:oak_sapling":2},"minecraft:picked_up":{"minecraft:birch_log":2,"minecraft:charcoal":2,"minecraft:crafting_table":4,"minecraft:cherry_planks":19,"minecraft:oak_log":112,"minecraft:dirt":101,"minecraft:cooked_salmon":2,"minecraft:item_frame":2,"minecraft:apple":6,"alexscaves:toxic_paste":2,"minecraft:wheat_seeds":19,"minecraft:raw_gold":4,"minecraft:oak_fence_gate":1,"minecraft:poppy":1,"minecraft:oak_planks":71,"minecraft:furnace":1,"minecraft:egg":1,"minecraft:raw_iron":100,"minecraft:stick":29,"minecraft:cherry_stairs":9,"explorerscompass:explorerscompass":1,"world:crystal_9":1,"minecraft:torch":2,"minecraft:dandelion":2,"minecraft:cherry_log":21,"tombstone:grave_dust":4,"minecraft:white_bed":2,"minecraft:redstone":41,"minecraft:arrow":1,"butcher:sulfur":19,"hexerei:sage_seed":14,"minecraft:oak_wood":2,"minecraft:rotten_flesh":20,"minecraft:diamond":2,"waystones:waystone":3,"minecraft:cherry_sapling":15,"duckensinvasion:duck_feather":5,"minecraft:bread":49,"minecraft:oak_sapling":36,"minecraft:mutton":2,"minecraft:coal":22,"minecraft:white_wool":1,"minecraft:cobblestone":103}},"DataVersion":3465}