{"stats":{"minecraft:killed":{"world:appleant_2":1,"minecraft:sheep":5,"minecraft:skeleton":3,"minecraft:zombie":3,"alexsmobs:seal":1,"realmrpg_quests:angler":1},"minecraft:picked_up":{"world:crystal_10":3,"minecraft:stick":3,"alexsmobs:acacia_blossom":1,"minecraft:acacia_log":16,"minecraft:oak_log":5,"minecraft:yellow_bed":1,"minecraft:white_bed":7,"minecraft:dirt":58,"minecraft:blue_bed":1,"hexerei:sage_seed":5,"minecraft:bone":7,"minecraft:arrow":3,"minecraft:rotten_flesh":2,"minecraft:bow":1,"minecraft:wheat_seeds":9,"waystones:waystone":3,"minecraft:bread":20,"minecraft:fletching_table":1,"minecraft:sugar_cane":1,"minecraft:mutton":7,"minecraft:acacia_sapling":2,"minecraft:white_wool":5,"minecraft:cobblestone":4,"minecraft:wooden_axe":1},"minecraft:used":{"minecraft:wooden_axe":1,"minecraft:bread":19,"minecraft:wooden_pickaxe":12,"minecraft:wooden_sword":57,"minecraft:dirt":20,"minecraft:crafting_table":2,"minecraft:white_bed":4,"tombstone:gift":1,"minecraft:golden_shovel":57,"minecraft:acacia_planks":44},"minecraft:crafted":{"minecraft:wooden_sword":1,"minecraft:oak_planks":32,"minecraft:wooden_shovel":1,"minecraft:crafting_table":2,"minecraft:stick":8,"minecraft:wooden_pickaxe":1,"minecraft:white_bed":1,"minecraft:acacia_planks":64},"minecraft:killed_by":{"minecraft:creeper":1,"minecraft:spider":1,"minecraft:zombie":1},"minecraft:broken":{"minecraft:wooden_sword":1},"minecraft:dropped":{"hexerei:sage_seed":1,"minecraft:wheat_seeds":9},"minecraft:custom":{"minecraft:time_since_rest":1179,"minecraft:waystone_activated":3,"minecraft:sprint_one_cm":196200,"minecraft:damage_taken":1620,"minecraft:walk_one_cm":140842,"minecraft:mob_kills":14,"minecraft:drop":4,"minecraft:damage_dealt":2502,"minecraft:damage_dealt_absorbed":6,"minecraft:interact_with_crafting_table":5,"minecraft:swim_one_cm":19096,"minecraft:fly_one_cm":326621,"minecraft:open_chest":3,"minecraft:play_time":45384,"tombstone:undead_killed":6,"minecraft:deaths":3,"minecraft:walk_under_water_one_cm":8561,"minecraft:jump":1484,"minecraft:leave_game":1,"minecraft:time_since_death":1915,"minecraft:total_world_time":45384,"minecraft:walk_on_water_one_cm":9634,"minecraft:sleep_in_bed":3,"minecraft:climb_one_cm":939,"minecraft:fall_one_cm":42781},"minecraft:mined":{"minecraft:white_bed":9,"minecraft:fletching_table":1,"minecraft:yellow_bed":2,"minecraft:grass":75,"minecraft:grass_block":39,"minecraft:dirt":21,"minecraft:tall_grass":2,"minecraft:stone":4,"minecraft:sugar_cane":1,"minecraft:blue_bed":1}},"DataVersion":3465}