{"stats":{"minecraft:killed":{"minecraft:sheep":5},"minecraft:picked_up":{"world:crystal_10":3,"minecraft:stick":2,"hexerei:sage_seed":4,"alexsmobs:acacia_blossom":1,"minecraft:wheat_seeds":8,"minecraft:acacia_log":16,"waystones:waystone":3,"minecraft:oak_log":1,"minecraft:bread":20,"minecraft:sugar_cane":1,"minecraft:mutton":7,"minecraft:acacia_sapling":2,"minecraft:white_wool":5},"minecraft:used":{"minecraft:wooden_sword":5,"minecraft:crafting_table":1,"minecraft:bread":7,"minecraft:white_bed":1,"minecraft:golden_shovel":1},"minecraft:crafted":{"minecraft:wooden_sword":1,"minecraft:white_bed":1,"minecraft:acacia_planks":64,"minecraft:crafting_table":1,"minecraft:stick":4},"minecraft:dropped":{"minecraft:wheat_seeds":2},"minecraft:custom":{"minecraft:open_chest":1,"minecraft:time_since_rest":11108,"minecraft:play_time":11108,"minecraft:sprint_one_cm":40370,"minecraft:damage_taken":190,"minecraft:walk_one_cm":28999,"minecraft:walk_under_water_one_cm":4418,"minecraft:mob_kills":5,"minecraft:drop":2,"minecraft:jump":369,"minecraft:damage_dealt":616,"minecraft:time_since_death":11108,"minecraft:walk_on_water_one_cm":3316,"minecraft:climb_one_cm":316,"minecraft:total_world_time":11108,"minecraft:interact_with_crafting_table":2,"minecraft:swim_one_cm":8440,"minecraft:fall_one_cm":9747,"minecraft:fly_one_cm":86802},"minecraft:mined":{"minecraft:grass":53,"minecraft:grass_block":1,"minecraft:sugar_cane":1}},"DataVersion":3465}