{"stats":{"minecraft:killed":{"duckensinvasion:footsoldier_duck":2,"realmrpg_quests:angler":1,"world:appleant_2":1,"minecraft:skeleton":4,"duckensinvasion:archer_duck":2,"alexsmobs:seal":1,"minecraft:wandering_trader":1,"minecraft:sheep":5,"minecraft:trader_llama":2,"minecraft:zombie":3},"minecraft:picked_up":{"minecraft:wooden_axe":1,"minecraft:wheat":6,"minecraft:crafting_table":1,"minecraft:ladder":1,"minecraft:lead":6,"minecraft:wooden_pickaxe":2,"minecraft:string":3,"minecraft:beetroot":2,"minecraft:iron_pickaxe":1,"minecraft:sugar_cane":1,"minecraft:chest":4,"minecraft:stick":11,"minecraft:raw_iron":5,"minecraft:composter":5,"minecraft:acacia_log":16,"minecraft:torch":12,"tombstone:grave_dust":1,"minecraft:carrot":48,"minecraft:dark_oak_planks":2,"hexerei:sage_seed":16,"minecraft:arrow":15,"minecraft:rotten_flesh":5,"minecraft:beetroot_seeds":3,"minecraft:mutton":21,"minecraft:white_wool":5,"minecraft:cobblestone":43,"minecraft:stripped_oak_log":1,"minecraft:leather":3,"alexsmobs:acacia_blossom":4,"minecraft:oak_log":27,"minecraft:yellow_bed":1,"minecraft:wooden_hoe":3,"minecraft:dirt":290,"minecraft:blue_bed":1,"tombstone:gift":1,"minecraft:bone":8,"minecraft:bow":1,"minecraft:wheat_seeds":37,"minecraft:bell":1,"minecraft:iron_ingot":45,"minecraft:fletching_table":2,"minecraft:acacia_sapling":2,"minecraft:oak_planks":28,"minecraft:oak_slab":1,"world:crystal_10":3,"slashblade:proudsoul_tiny":2,"minecraft:pumpkin":3,"patchouli:guide_book":2,"world:crystal_9":1,"minecraft:dandelion":2,"minecraft:sand":22,"minecraft:white_bed":10,"alexsmobs:animal_dictionary":1,"butcher:butchersguidebook":2,"waystones:waystone":3,"minecraft:bread":20},"minecraft:used":{"minecraft:beetroot":1,"minecraft:ladder":3,"minecraft:chest":4,"minecraft:wooden_shovel":59,"minecraft:bell":1,"minecraft:torch":5,"minecraft:dirt":217,"minecraft:carrot":19,"minecraft:golden_shovel":145,"minecraft:glass":1,"minecraft:dark_oak_planks":2,"minecraft:wooden_axe":51,"minecraft:furnace":1,"tombstone:gift":2,"minecraft:acacia_planks":44,"minecraft:wheat_seeds":3,"minecraft:water_bucket":1,"minecraft:oak_planks":96,"minecraft:wooden_pickaxe":37,"minecraft:composter":1,"minecraft:blue_bed":1,"minecraft:fletching_table":1,"minecraft:oak_slab":1,"minecraft:crafting_table":5,"world:greenstuff":9,"minecraft:white_bed":11,"minecraft:wooden_hoe":98,"minecraft:bread":20,"minecraft:iron_pickaxe":8,"minecraft:wooden_sword":57,"minecraft:cobblestone":2,"minecraft:bucket":1,"minecraft:yellow_bed":1},"minecraft:crafted":{"minecraft:wooden_sword":1,"minecraft:oak_planks":116,"minecraft:furnace":1,"minecraft:glass":6,"minecraft:ladder":3,"minecraft:chest":2,"world:greenstuff":1,"minecraft:minecart":2,"minecraft:oak_slab":6,"minecraft:wooden_shovel":1,"minecraft:crafting_table":4,"minecraft:wooden_pickaxe":1,"minecraft:bucket":1,"minecraft:wooden_hoe":2,"minecraft:stick":20,"minecraft:iron_ingot":10,"minecraft:wooden_axe":1,"minecraft:white_bed":1,"minecraft:acacia_planks":64},"minecraft:killed_by":{"minecraft:creeper":1,"minecraft:spider":1,"minecraft:pillager":1,"duckensinvasion:footsoldier_duck":2,"minecraft:zombie":3,"duckensinvasion:archer_duck":1},"minecraft:broken":{"minecraft:wooden_shovel":1,"minecraft:golden_shovel":1,"minecraft:wooden_sword":1,"minecraft:wooden_axe":1,"minecraft:wooden_hoe":1},"minecraft:custom":{"minecraft:mob_kills":22,"minecraft:interact_with_crafting_table":20,"minecraft:bell_ring":15,"minecraft:leave_game":3,"minecraft:time_since_death":601,"minecraft:climb_one_cm":7008,"minecraft:sprint_one_cm":440935,"minecraft:walk_one_cm":560965,"minecraft:drop":84,"minecraft:damage_dealt_absorbed":6,"minecraft:talked_to_villager":7,"minecraft:play_time":161452,"minecraft:deaths":14,"minecraft:sneak_time":199,"minecraft:walk_under_water_one_cm":8767,"minecraft:jump":4013,"minecraft:walk_on_water_one_cm":10993,"minecraft:total_world_time":161452,"minecraft:interact_with_furnace":10,"minecraft:sleep_in_bed":11,"minecraft:time_since_rest":1,"minecraft:waystone_activated":3,"minecraft:damage_taken":4260,"minecraft:damage_dealt":4235,"minecraft:swim_one_cm":19096,"minecraft:fly_one_cm":781727,"minecraft:open_chest":8,"minecraft:crouch_one_cm":357,"tombstone:undead_killed":7,"tombstone:villager_killed":1,"minecraft:fall_one_cm":127993},"minecraft:dropped":{"minecraft:iron_ingot":8,"minecraft:wheat_seeds":9,"minecraft:cobblestone":13,"minecraft:stick":6,"minecraft:dirt":1,"minecraft:wooden_hoe":4,"tombstone:grave_key":1,"minecraft:wooden_axe":1,"tombstone:grave_dust":1,"minecraft:pumpkin":4,"minecraft:dandelion":1,"minecraft:bone":8,"hexerei:sage_seed":2,"alexsmobs:acacia_blossom":4,"minecraft:composter":2,"minecraft:beetroot":1,"minecraft:rotten_flesh":5,"minecraft:oak_planks":1,"minecraft:carrot":32,"patchouli:guide_book":1,"butcher:butchersguidebook":1,"minecraft:beetroot_seeds":6,"minecraft:ladder":1,"minecraft:arrow":18,"minecraft:bow":1,"minecraft:wooden_pickaxe":2},"minecraft:mined":{"minecraft:dark_oak_planks":2,"minecraft:white_bed":12,"minecraft:grass_block":168,"minecraft:composter":3,"minecraft:carrots":14,"minecraft:pumpkin":1,"minecraft:fletching_table":2,"minecraft:dirt_path":2,"minecraft:stripped_oak_log":1,"minecraft:stone":15,"minecraft:smithing_table":1,"minecraft:oak_slab":1,"minecraft:cherry_planks":1,"minecraft:crafting_table":1,"minecraft:chest":2,"minecraft:tall_grass":14,"minecraft:cobblestone":1,"minecraft:sugar_cane":1,"minecraft:oak_planks":5,"minecraft:blue_bed":1,"minecraft:wall_torch":4,"minecraft:wheat":8,"minecraft:yellow_bed":2,"minecraft:grass":121,"minecraft:oak_log":9,"minecraft:beetroots":1,"minecraft:sand":22,"minecraft:dirt":116,"minecraft:oak_leaves":1}},"DataVersion":3465}