{"stats":{"minecraft:killed":{"world:appleant_2":1,"minecraft:sheep":5,"minecraft:skeleton":3,"minecraft:zombie":3,"alexsmobs:seal":1,"realmrpg_quests:angler":1},"minecraft:picked_up":{"world:crystal_10":3,"minecraft:stick":3,"alexsmobs:acacia_blossom":1,"minecraft:acacia_log":16,"minecraft:oak_log":5,"minecraft:white_bed":1,"minecraft:blue_bed":1,"hexerei:sage_seed":4,"minecraft:bone":5,"minecraft:arrow":3,"minecraft:bow":1,"minecraft:wheat_seeds":8,"waystones:waystone":3,"minecraft:bread":20,"minecraft:sugar_cane":1,"minecraft:mutton":7,"minecraft:acacia_sapling":2,"minecraft:white_wool":5,"minecraft:wooden_axe":1},"minecraft:used":{"minecraft:bread":15,"minecraft:wooden_sword":57,"minecraft:crafting_table":1,"tombstone:gift":1,"minecraft:white_bed":1,"minecraft:golden_shovel":1,"minecraft:acacia_planks":4},"minecraft:crafted":{"minecraft:wooden_sword":1,"minecraft:crafting_table":1,"minecraft:stick":4,"minecraft:white_bed":1,"minecraft:acacia_planks":64},"minecraft:killed_by":{"minecraft:spider":1,"minecraft:zombie":1},"minecraft:broken":{"minecraft:wooden_sword":1},"minecraft:dropped":{"minecraft:wheat_seeds":2},"minecraft:custom":{"minecraft:time_since_rest":824,"minecraft:waystone_activated":2,"minecraft:sprint_one_cm":101675,"minecraft:damage_taken":1210,"minecraft:walk_one_cm":71012,"minecraft:mob_kills":14,"minecraft:drop":2,"minecraft:damage_dealt":2482,"minecraft:damage_dealt_absorbed":6,"minecraft:swim_one_cm":19096,"minecraft:interact_with_crafting_table":2,"minecraft:fly_one_cm":179016,"minecraft:open_chest":3,"minecraft:play_time":23108,"minecraft:deaths":2,"tombstone:undead_killed":6,"minecraft:walk_under_water_one_cm":8561,"minecraft:jump":799,"minecraft:walk_on_water_one_cm":9394,"minecraft:time_since_death":1132,"minecraft:total_world_time":23108,"minecraft:climb_one_cm":939,"minecraft:fall_one_cm":20007},"minecraft:mined":{"minecraft:white_bed":1,"minecraft:grass":62,"minecraft:grass_block":1,"minecraft:tall_grass":2,"minecraft:sugar_cane":1,"minecraft:blue_bed":1}},"DataVersion":3465}