{"stats":{"minecraft:killed":{"alexsmobs:seal":1,"realmrpg_quests:angler":1,"minecraft:wandering_trader":1,"world:appleant_2":1,"minecraft:sheep":5,"minecraft:skeleton":4,"minecraft:trader_llama":2,"minecraft:zombie":3},"minecraft:picked_up":{"minecraft:wooden_axe":1,"minecraft:stripped_oak_log":1,"minecraft:crafting_table":1,"minecraft:wheat":6,"minecraft:leather":3,"minecraft:lead":2,"alexsmobs:acacia_blossom":2,"minecraft:oak_log":24,"minecraft:yellow_bed":1,"minecraft:string":3,"minecraft:blue_bed":1,"minecraft:dirt":207,"minecraft:bone":8,"minecraft:beetroot":1,"minecraft:bow":1,"minecraft:wheat_seeds":36,"minecraft:bell":1,"minecraft:fletching_table":2,"minecraft:sugar_cane":1,"minecraft:oak_planks":4,"minecraft:acacia_sapling":2,"minecraft:raw_iron":5,"world:crystal_10":3,"minecraft:stick":5,"minecraft:pumpkin":1,"minecraft:composter":2,"minecraft:torch":4,"minecraft:dandelion":1,"minecraft:acacia_log":16,"minecraft:carrot":11,"minecraft:white_bed":7,"hexerei:sage_seed":12,"minecraft:arrow":4,"minecraft:rotten_flesh":5,"minecraft:beetroot_seeds":3,"waystones:waystone":3,"minecraft:bread":20,"minecraft:mutton":7,"minecraft:white_wool":5,"minecraft:cobblestone":15},"minecraft:used":{"minecraft:wheat_seeds":3,"minecraft:water_bucket":1,"minecraft:ladder":2,"minecraft:oak_planks":10,"minecraft:chest":2,"minecraft:wooden_pickaxe":28,"minecraft:composter":1,"minecraft:wooden_shovel":50,"minecraft:fletching_table":1,"minecraft:blue_bed":1,"minecraft:bell":1,"minecraft:torch":4,"minecraft:dirt":136,"minecraft:oak_slab":1,"minecraft:crafting_table":5,"minecraft:carrot":6,"minecraft:white_bed":8,"minecraft:golden_shovel":145,"minecraft:wooden_axe":33,"minecraft:wooden_hoe":98,"minecraft:bread":20,"minecraft:wooden_sword":57,"minecraft:furnace":1,"minecraft:bucket":1,"tombstone:gift":1,"minecraft:yellow_bed":1,"minecraft:acacia_planks":44},"minecraft:crafted":{"minecraft:wooden_sword":1,"minecraft:oak_slab":6,"minecraft:oak_planks":108,"minecraft:wooden_shovel":1,"minecraft:crafting_table":4,"minecraft:wooden_pickaxe":1,"minecraft:furnace":1,"minecraft:bucket":1,"minecraft:wooden_hoe":2,"minecraft:ladder":3,"minecraft:stick":16,"minecraft:iron_ingot":3,"minecraft:wooden_axe":1,"minecraft:chest":2,"minecraft:white_bed":1,"minecraft:acacia_planks":64},"minecraft:killed_by":{"minecraft:creeper":1,"minecraft:spider":1,"minecraft:zombie":3},"minecraft:broken":{"minecraft:wooden_sword":1,"minecraft:golden_shovel":1,"minecraft:wooden_hoe":1},"minecraft:dropped":{"hexerei:sage_seed":1,"minecraft:wheat_seeds":9,"alexsmobs:acacia_blossom":1,"minecraft:composter":1,"minecraft:rotten_flesh":5,"tombstone:grave_key":1,"minecraft:ladder":1,"minecraft:dandelion":1},"minecraft:custom":{"minecraft:interact_with_furnace":3,"minecraft:mob_kills":18,"minecraft:interact_with_crafting_table":17,"minecraft:bell_ring":15,"minecraft:leave_game":1,"minecraft:time_since_death":7464,"minecraft:sleep_in_bed":7,"minecraft:climb_one_cm":3261,"minecraft:time_since_rest":6857,"minecraft:waystone_activated":3,"minecraft:sprint_one_cm":296559,"minecraft:damage_taken":2340,"minecraft:walk_one_cm":370721,"minecraft:drop":10,"minecraft:damage_dealt":3412,"minecraft:damage_dealt_absorbed":6,"minecraft:swim_one_cm":19096,"minecraft:talked_to_villager":7,"minecraft:fly_one_cm":507981,"minecraft:open_chest":3,"minecraft:crouch_one_cm":229,"minecraft:play_time":99384,"minecraft:sneak_time":148,"tombstone:undead_killed":7,"minecraft:deaths":6,"minecraft:walk_under_water_one_cm":8767,"tombstone:villager_killed":1,"minecraft:jump":2591,"minecraft:walk_on_water_one_cm":10739,"minecraft:total_world_time":99384,"minecraft:fall_one_cm":77441},"minecraft:mined":{"minecraft:smithing_table":1,"minecraft:cherry_planks":1,"minecraft:white_bed":9,"minecraft:crafting_table":1,"minecraft:grass_block":146,"minecraft:tall_grass":12,"minecraft:composter":2,"minecraft:sugar_cane":1,"minecraft:oak_planks":4,"minecraft:wall_torch":4,"minecraft:blue_bed":1,"minecraft:carrots":3,"minecraft:wheat":8,"minecraft:pumpkin":1,"minecraft:yellow_bed":2,"minecraft:fletching_table":2,"minecraft:grass":112,"minecraft:beetroots":1,"minecraft:oak_log":9,"minecraft:dirt_path":2,"minecraft:stripped_oak_log":1,"minecraft:dirt":68,"minecraft:stone":15,"minecraft:oak_leaves":1}},"DataVersion":3465}