{"stats":{"minecraft:killed":{"alexsmobs:seal":1,"realmrpg_quests:angler":1,"minecraft:wandering_trader":1,"world:appleant_2":1,"minecraft:sheep":5,"minecraft:skeleton":3,"minecraft:zombie":3},"minecraft:picked_up":{"minecraft:wooden_axe":1,"minecraft:crafting_table":1,"minecraft:lead":1,"alexsmobs:acacia_blossom":1,"minecraft:oak_log":5,"minecraft:yellow_bed":1,"minecraft:blue_bed":1,"minecraft:dirt":60,"minecraft:bone":7,"minecraft:bow":1,"minecraft:wheat_seeds":9,"minecraft:bell":1,"minecraft:fletching_table":2,"minecraft:sugar_cane":1,"minecraft:oak_planks":2,"minecraft:acacia_sapling":2,"world:crystal_10":3,"minecraft:stick":3,"minecraft:composter":1,"minecraft:acacia_log":16,"minecraft:white_bed":7,"hexerei:sage_seed":5,"minecraft:arrow":3,"minecraft:rotten_flesh":2,"waystones:waystone":3,"minecraft:bread":20,"minecraft:mutton":7,"minecraft:white_wool":5,"minecraft:cobblestone":4},"minecraft:used":{"minecraft:ladder":2,"minecraft:oak_planks":8,"minecraft:wooden_pickaxe":12,"minecraft:fletching_table":1,"minecraft:blue_bed":1,"minecraft:bell":1,"minecraft:dirt":20,"minecraft:crafting_table":4,"minecraft:white_bed":8,"minecraft:golden_shovel":57,"minecraft:wooden_axe":6,"minecraft:bread":19,"minecraft:wooden_sword":57,"tombstone:gift":1,"minecraft:yellow_bed":1,"minecraft:acacia_planks":44},"minecraft:crafted":{"minecraft:wooden_sword":1,"minecraft:oak_planks":32,"minecraft:wooden_shovel":1,"minecraft:crafting_table":3,"minecraft:wooden_pickaxe":1,"minecraft:ladder":3,"minecraft:stick":12,"minecraft:white_bed":1,"minecraft:acacia_planks":64},"minecraft:killed_by":{"minecraft:creeper":1,"minecraft:spider":1,"minecraft:zombie":1},"minecraft:broken":{"minecraft:wooden_sword":1},"minecraft:custom":{"minecraft:mob_kills":15,"minecraft:interact_with_crafting_table":8,"minecraft:bell_ring":15,"minecraft:leave_game":1,"minecraft:time_since_death":13915,"minecraft:sleep_in_bed":5,"minecraft:climb_one_cm":1595,"minecraft:time_since_rest":877,"minecraft:waystone_activated":3,"minecraft:sprint_one_cm":219743,"minecraft:damage_taken":1710,"minecraft:walk_one_cm":199137,"minecraft:drop":5,"minecraft:damage_dealt":2852,"minecraft:damage_dealt_absorbed":6,"minecraft:swim_one_cm":19096,"minecraft:talked_to_villager":6,"minecraft:fly_one_cm":361726,"minecraft:open_chest":3,"minecraft:play_time":57384,"tombstone:undead_killed":6,"minecraft:deaths":3,"minecraft:walk_under_water_one_cm":8561,"tombstone:villager_killed":1,"minecraft:jump":1750,"minecraft:walk_on_water_one_cm":9634,"minecraft:total_world_time":57384,"minecraft:fall_one_cm":51095},"minecraft:dropped":{"hexerei:sage_seed":1,"minecraft:wheat_seeds":9,"minecraft:composter":1},"minecraft:mined":{"minecraft:white_bed":9,"minecraft:crafting_table":1,"minecraft:grass_block":39,"minecraft:tall_grass":2,"minecraft:composter":1,"minecraft:sugar_cane":1,"minecraft:oak_planks":2,"minecraft:blue_bed":1,"minecraft:yellow_bed":2,"minecraft:fletching_table":2,"minecraft:grass":75,"minecraft:dirt":23,"minecraft:stone":4}},"DataVersion":3465}