{"stats":{"minecraft:killed":{"world:goblin":1,"minecraft:pig":3,"minecraft:spider":1,"minecraft:skeleton":3,"minecraft:zombie":3,"minecraft:chicken":1},"minecraft:picked_up":{"minecraft:wooden_axe":1,"minecraft:feather":1,"minecraft:chicken":1,"alexsmobs:acacia_blossom":5,"minecraft:wooden_pickaxe":1,"minecraft:potato":1,"minecraft:oak_log":7,"minecraft:yellow_bed":1,"minecraft:cornflower":1,"minecraft:dirt":35,"minecraft:string":2,"minecraft:wheat_seeds":6,"minecraft:poppy":1,"minecraft:acacia_sapling":13,"hexerei:animal_fat":3,"minecraft:stick":27,"world:crystal_9":1,"minecraft:acacia_log":40,"minecraft:porkchop":5,"minecraft:sand":4,"tombstone:grave_dust":2,"world:oak":2,"hexerei:sage_seed":5,"minecraft:arrow":4,"minecraft:rotten_flesh":3,"waystones:waystone":2,"minecraft:cobblestone":36},"minecraft:used":{"minecraft:wooden_pickaxe":38,"minecraft:stone_hoe":1,"minecraft:dirt":16,"minecraft:crafting_table":2,"waystones:waystone":3,"minecraft:apple":2,"minecraft:bread":14,"minecraft:stone_axe":45,"minecraft:cobblestone":1,"minecraft:furnace":2,"minecraft:cooked_porkchop":5,"minecraft:yellow_bed":1,"minecraft:egg":1,"minecraft:potato":1,"minecraft:acacia_planks":74},"minecraft:crafted":{"minecraft:oak_planks":24,"minecraft:cooked_porkchop":5,"minecraft:crafting_table":2,"minecraft:wooden_pickaxe":1,"minecraft:furnace":2,"minecraft:stone_axe":1,"minecraft:air":0,"minecraft:stick":8,"minecraft:acacia_planks":100,"minecraft:stone_hoe":1},"minecraft:killed_by":{"minecraft:creeper":1,"minecraft:zombie":1},"minecraft:custom":{"minecraft:interact_with_furnace":10,"minecraft:mob_kills":12,"minecraft:interact_with_crafting_table":6,"minecraft:open_barrel":2,"minecraft:time_since_death":14301,"minecraft:sleep_in_bed":2,"minecraft:climb_one_cm":1652,"minecraft:time_since_rest":8526,"minecraft:waystone_activated":4,"minecraft:sprint_one_cm":175247,"minecraft:damage_taken":1759,"minecraft:walk_one_cm":73140,"minecraft:drop":6,"minecraft:damage_dealt":2353,"minecraft:swim_one_cm":73508,"minecraft:fly_one_cm":256935,"minecraft:player_kills":1,"minecraft:open_chest":2,"minecraft:crouch_one_cm":13044,"minecraft:play_time":53367,"tombstone:undead_killed":6,"minecraft:deaths":3,"minecraft:sneak_time":3958,"minecraft:walk_under_water_one_cm":2495,"minecraft:jump":1103,"minecraft:walk_on_water_one_cm":7757,"minecraft:total_world_time":53367,"minecraft:fall_one_cm":28498},"minecraft:dropped":{"minecraft:bread":60,"waystones:waystone":9},"minecraft:mined":{"minecraft:dandelion":1,"minecraft:cornflower":1,"minecraft:acacia_log":3,"minecraft:grass_block":3,"minecraft:poppy":1,"minecraft:tall_grass":27,"minecraft:cobblestone":1,"world:oak":2,"minecraft:yellow_bed":1,"minecraft:grass":24,"minecraft:sand":4,"minecraft:dirt":13,"minecraft:stone":35}},"DataVersion":3465}