{"stats":{"minecraft:killed":{"duckensinvasion:footsoldier_duck":4,"world:goblin":1,"minecraft:pig":3,"minecraft:spider":2,"duckensinvasion:raptor_duck":2,"minecraft:skeleton":4,"duckensinvasion:armoured_duck":2,"minecraft:zombie":7,"minecraft:chicken":1,"duckensinvasion:commaner_duckfighting":1,"duckensinvasion:archer_duck":3},"minecraft:killed_by":{"minecraft:skeleton":1,"minecraft:creeper":1,"minecraft:zombie":2,"duckensinvasion:footsoldier_duck":2},"minecraft:crafted":{"minecraft:oak_planks":32,"minecraft:stone_shovel":1,"minecraft:cooked_porkchop":5,"minecraft:crafting_table":4,"minecraft:wooden_pickaxe":1,"minecraft:furnace":5,"minecraft:stone_axe":2,"minecraft:bread":3,"minecraft:air":0,"minecraft:ladder":12,"minecraft:stick":16,"minecraft:stone_pickaxe":1,"minecraft:chest":1,"minecraft:acacia_planks":100,"minecraft:stone_hoe":2},"minecraft:custom":{"minecraft:interact_with_furnace":10,"minecraft:mob_kills":30,"minecraft:interact_with_crafting_table":15,"minecraft:open_barrel":2,"minecraft:leave_game":2,"minecraft:time_since_death":3718,"minecraft:sleep_in_bed":5,"minecraft:climb_one_cm":10628,"minecraft:time_since_rest":3488,"minecraft:waystone_activated":4,"minecraft:sprint_one_cm":291086,"minecraft:damage_taken":3849,"minecraft:walk_one_cm":153770,"minecraft:drop":9,"minecraft:damage_dealt":6386,"minecraft:swim_one_cm":73760,"minecraft:talked_to_villager":2,"minecraft:fly_one_cm":438735,"minecraft:player_kills":1,"minecraft:open_chest":8,"minecraft:crouch_one_cm":18189,"minecraft:play_time":101210,"tombstone:undead_killed":11,"minecraft:deaths":7,"minecraft:sneak_time":5255,"minecraft:walk_under_water_one_cm":2602,"minecraft:jump":1918,"minecraft:walk_on_water_one_cm":8178,"minecraft:total_world_time":101210,"minecraft:fall_one_cm":47018},"minecraft:broken":{"minecraft:stone_axe":1},"minecraft:used":{"mca:male_villager_spawn_egg":2,"minecraft:stone_pickaxe":56,"minecraft:stone_shovel":27,"minecraft:ladder":8,"minecraft:chest":1,"minecraft:wooden_pickaxe":43,"minecraft:stone_hoe":3,"minecraft:dirt":49,"minecraft:crafting_table":4,"mca:female_villager_spawn_egg":2,"minecraft:carrot":28,"minecraft:white_bed":1,"waystones:waystone":3,"minecraft:wooden_axe":2,"minecraft:apple":2,"minecraft:villager_spawn_egg":3,"minecraft:bread":23,"tombstone:grave_key":1,"minecraft:gravel":3,"minecraft:stone_axe":106,"world:oak":2,"minecraft:cobblestone":5,"minecraft:furnace":5,"minecraft:cooked_porkchop":5,"tombstone:gift":2,"minecraft:yellow_bed":1,"minecraft:egg":1,"minecraft:potato":12,"minecraft:acacia_planks":74},"minecraft:mined":{"minecraft:white_bed":1,"minecraft:dandelion":1,"minecraft:cornflower":1,"minecraft:glow_lichen":2,"minecraft:ladder":1,"minecraft:acacia_log":3,"minecraft:grass_block":3,"minecraft:poppy":1,"minecraft:tall_grass":27,"minecraft:cobblestone":2,"world:oak":2,"minecraft:oak_planks":1,"minecraft:pink_petals":1,"minecraft:carrots":6,"minecraft:iron_ore":3,"minecraft:wheat":16,"minecraft:yellow_bed":1,"minecraft:grass":24,"minecraft:oak_log":1,"minecraft:potatoes":2,"minecraft:beetroots":2,"minecraft:gravel":3,"minecraft:sand":4,"minecraft:dirt":47,"minecraft:stone":80},"minecraft:dropped":{"minecraft:bread":60,"alexsmobs:acacia_blossom":5,"minecraft:oak_planks":1,"minecraft:cornflower":1,"waystones:waystone":9},"minecraft:picked_up":{"minecraft:wooden_axe":1,"minecraft:pink_petals":1,"minecraft:wheat":16,"minecraft:feather":1,"minecraft:chicken":1,"minecraft:ladder":1,"alexsmobs:acacia_blossom":10,"minecraft:wooden_pickaxe":1,"minecraft:potato":9,"minecraft:oak_log":26,"minecraft:yellow_bed":1,"minecraft:cornflower":2,"minecraft:dirt":69,"minecraft:string":2,"minecraft:beetroot":2,"minecraft:wheat_seeds":51,"minecraft:poppy":1,"minecraft:oak_planks":2,"minecraft:acacia_sapling":13,"hexerei:animal_fat":3,"minecraft:stick":34,"minecraft:raw_iron":3,"world:crystal_9":1,"minecraft:acacia_log":40,"minecraft:gravel":3,"minecraft:porkchop":5,"minecraft:sand":4,"tombstone:grave_dust":2,"minecraft:carrot":23,"minecraft:white_bed":1,"world:oak":2,"hexerei:sage_seed":5,"minecraft:arrow":7,"minecraft:rotten_flesh":7,"minecraft:beetroot_seeds":3,"waystones:waystone":2,"minecraft:cherry_sapling":1,"duckensinvasion:duck_feather":5,"minecraft:oak_sapling":3,"minecraft:cobblestone":82}},"DataVersion":3465}