{"stats":{"minecraft:killed":{"duckensinvasion:footsoldier_duck":11,"world:goblin":1,"minecraft:pig":3,"minecraft:spider":2,"duckensinvasion:raptor_duck":4,"minecraft:skeleton":4,"duckensinvasion:armoured_duck":6,"minecraft:zombie":7,"minecraft:chicken":1,"duckensinvasion:commaner_duckfighting":3,"duckensinvasion:archer_duck":12},"minecraft:killed_by":{"minecraft:skeleton":1,"minecraft:creeper":1,"minecraft:zombie":2,"duckensinvasion:footsoldier_duck":2},"minecraft:crafted":{"minecraft:oak_planks":104,"minecraft:stone_shovel":1,"minecraft:cooked_porkchop":5,"minecraft:crafting_table":5,"minecraft:wooden_pickaxe":1,"minecraft:furnace":5,"minecraft:stone_axe":2,"minecraft:bread":3,"minecraft:air":0,"minecraft:ladder":12,"minecraft:stick":16,"minecraft:stone_sword":1,"minecraft:stone_pickaxe":1,"minecraft:chest":2,"minecraft:acacia_planks":100,"minecraft:stone_hoe":2},"minecraft:custom":{"minecraft:interact_with_furnace":15,"minecraft:mob_kills":54,"minecraft:interact_with_crafting_table":17,"minecraft:open_barrel":8,"minecraft:leave_game":3,"minecraft:time_since_death":13960,"minecraft:sleep_in_bed":5,"minecraft:climb_one_cm":11266,"minecraft:time_since_rest":13730,"minecraft:waystone_activated":4,"minecraft:sprint_one_cm":309995,"minecraft:damage_taken":4059,"minecraft:walk_one_cm":171311,"minecraft:drop":9,"minecraft:damage_dealt":10555,"minecraft:swim_one_cm":73760,"minecraft:talked_to_villager":2,"minecraft:fly_one_cm":534429,"minecraft:player_kills":1,"minecraft:open_chest":14,"minecraft:crouch_one_cm":18353,"minecraft:play_time":111452,"tombstone:undead_killed":11,"minecraft:deaths":7,"minecraft:sneak_time":5326,"minecraft:walk_under_water_one_cm":2950,"minecraft:jump":2014,"minecraft:walk_on_water_one_cm":9113,"minecraft:total_world_time":111452,"minecraft:fall_one_cm":48750},"minecraft:broken":{"minecraft:stone_axe":1},"minecraft:used":{"mca:male_villager_spawn_egg":2,"minecraft:stone_sword":15,"minecraft:stone_pickaxe":58,"minecraft:stone_shovel":27,"minecraft:ladder":8,"minecraft:chest":2,"minecraft:wooden_pickaxe":43,"minecraft:stone_hoe":3,"minecraft:dirt":49,"minecraft:crafting_table":5,"mca:female_villager_spawn_egg":2,"minecraft:carrot":37,"minecraft:white_bed":1,"waystones:waystone":3,"minecraft:wooden_axe":2,"minecraft:apple":2,"minecraft:villager_spawn_egg":3,"minecraft:bread":23,"tombstone:grave_key":1,"minecraft:gravel":3,"minecraft:stone_axe":106,"world:oak":2,"minecraft:cobblestone":7,"minecraft:furnace":5,"minecraft:cooked_porkchop":5,"tombstone:gift":2,"minecraft:yellow_bed":1,"minecraft:egg":1,"minecraft:potato":12,"minecraft:acacia_planks":74},"minecraft:mined":{"minecraft:white_bed":1,"minecraft:dandelion":1,"minecraft:cornflower":1,"minecraft:glow_lichen":2,"minecraft:ladder":1,"minecraft:acacia_log":3,"minecraft:grass_block":3,"minecraft:poppy":1,"minecraft:tall_grass":27,"minecraft:cobblestone":2,"world:oak":2,"minecraft:oak_planks":1,"minecraft:pink_petals":1,"minecraft:carrots":6,"minecraft:iron_ore":3,"minecraft:wheat":16,"minecraft:yellow_bed":1,"minecraft:grass":24,"minecraft:oak_log":1,"minecraft:potatoes":2,"minecraft:beetroots":2,"minecraft:gravel":3,"minecraft:sand":4,"minecraft:dirt":48,"minecraft:stone":82},"minecraft:dropped":{"minecraft:bread":60,"alexsmobs:acacia_blossom":5,"minecraft:oak_planks":1,"minecraft:cornflower":1,"waystones:waystone":9},"minecraft:picked_up":{"minecraft:wooden_axe":1,"minecraft:pink_petals":1,"minecraft:wheat":16,"minecraft:feather":1,"minecraft:chicken":1,"minecraft:ladder":1,"alexsmobs:acacia_blossom":10,"minecraft:wooden_pickaxe":1,"minecraft:potato":9,"minecraft:oak_log":26,"minecraft:shield":3,"minecraft:yellow_bed":1,"minecraft:cornflower":2,"minecraft:dirt":70,"minecraft:string":2,"minecraft:white_carpet":2,"minecraft:beetroot":2,"minecraft:wheat_seeds":51,"minecraft:poppy":1,"minecraft:oak_planks":2,"minecraft:acacia_sapling":13,"hexerei:animal_fat":3,"minecraft:stick":34,"minecraft:raw_iron":3,"world:crystal_9":1,"minecraft:acacia_log":40,"minecraft:gravel":3,"minecraft:porkchop":5,"minecraft:sand":4,"tombstone:grave_dust":2,"minecraft:carrot":23,"minecraft:white_bed":1,"world:oak":2,"hexerei:sage_seed":5,"minecraft:arrow":9,"minecraft:rotten_flesh":7,"minecraft:beetroot_seeds":3,"waystones:waystone":2,"minecraft:cherry_sapling":1,"duckensinvasion:duck_feather":9,"minecraft:oak_sapling":3,"minecraft:cobblestone":84}},"DataVersion":3465}