{"stats":{"minecraft:killed":{"world:goblin":1,"minecraft:pig":3,"minecraft:spider":1,"minecraft:skeleton":3,"minecraft:zombie":5,"minecraft:chicken":1},"minecraft:picked_up":{"minecraft:wooden_axe":1,"minecraft:pink_petals":1,"minecraft:feather":1,"minecraft:chicken":1,"alexsmobs:acacia_blossom":5,"minecraft:wooden_pickaxe":1,"minecraft:potato":1,"minecraft:oak_log":7,"minecraft:yellow_bed":1,"minecraft:cornflower":1,"minecraft:dirt":38,"minecraft:string":2,"minecraft:wheat_seeds":6,"minecraft:poppy":1,"minecraft:acacia_sapling":13,"hexerei:animal_fat":3,"minecraft:raw_iron":3,"minecraft:stick":27,"world:crystal_9":1,"minecraft:acacia_log":40,"minecraft:gravel":3,"minecraft:porkchop":5,"minecraft:sand":4,"tombstone:grave_dust":2,"world:oak":2,"hexerei:sage_seed":5,"minecraft:arrow":4,"minecraft:rotten_flesh":5,"waystones:waystone":2,"minecraft:cobblestone":51},"minecraft:used":{"mca:male_villager_spawn_egg":2,"minecraft:stone_pickaxe":26,"minecraft:wooden_pickaxe":39,"minecraft:stone_hoe":1,"minecraft:dirt":38,"minecraft:crafting_table":3,"mca:female_villager_spawn_egg":2,"waystones:waystone":3,"minecraft:wooden_axe":2,"minecraft:apple":2,"minecraft:villager_spawn_egg":1,"minecraft:bread":20,"minecraft:gravel":3,"minecraft:stone_axe":51,"world:oak":2,"minecraft:cobblestone":5,"minecraft:furnace":2,"minecraft:cooked_porkchop":5,"minecraft:yellow_bed":1,"minecraft:egg":1,"minecraft:potato":1,"minecraft:acacia_planks":74},"minecraft:crafted":{"minecraft:oak_planks":28,"minecraft:cooked_porkchop":5,"minecraft:crafting_table":3,"minecraft:wooden_pickaxe":1,"minecraft:furnace":2,"minecraft:stone_axe":1,"minecraft:air":0,"minecraft:stick":8,"minecraft:stone_pickaxe":1,"minecraft:acacia_planks":100,"minecraft:stone_hoe":1},"minecraft:killed_by":{"minecraft:creeper":1,"minecraft:zombie":2},"minecraft:broken":{"minecraft:stone_axe":1},"minecraft:custom":{"minecraft:interact_with_furnace":10,"minecraft:mob_kills":14,"minecraft:interact_with_crafting_table":7,"minecraft:open_barrel":2,"minecraft:leave_game":1,"minecraft:time_since_death":9615,"minecraft:sleep_in_bed":4,"minecraft:climb_one_cm":1652,"minecraft:time_since_rest":2403,"minecraft:waystone_activated":4,"minecraft:sprint_one_cm":229917,"minecraft:damage_taken":2259,"minecraft:walk_one_cm":91585,"minecraft:drop":6,"minecraft:damage_dealt":3056,"minecraft:talked_to_villager":1,"minecraft:swim_one_cm":73508,"minecraft:fly_one_cm":320179,"minecraft:player_kills":1,"minecraft:open_chest":2,"minecraft:crouch_one_cm":13816,"minecraft:play_time":64896,"tombstone:undead_killed":8,"minecraft:deaths":4,"minecraft:sneak_time":4161,"minecraft:walk_under_water_one_cm":2495,"minecraft:jump":1375,"minecraft:walk_on_water_one_cm":7914,"minecraft:total_world_time":64896,"minecraft:fall_one_cm":31784},"minecraft:dropped":{"minecraft:bread":60,"waystones:waystone":9},"minecraft:mined":{"minecraft:dandelion":1,"minecraft:cornflower":1,"minecraft:glow_lichen":2,"minecraft:acacia_log":3,"minecraft:grass_block":3,"minecraft:poppy":1,"minecraft:tall_grass":27,"minecraft:cobblestone":2,"world:oak":2,"minecraft:pink_petals":1,"minecraft:iron_ore":3,"minecraft:yellow_bed":1,"minecraft:grass":24,"minecraft:gravel":3,"minecraft:sand":4,"minecraft:dirt":16,"minecraft:stone":49}},"DataVersion":3465}