{"stats":{"minecraft:killed":{"minecraft:skeleton":2,"minecraft:zombie":2,"minecraft:pig":3,"minecraft:chicken":1,"minecraft:spider":1},"minecraft:picked_up":{"minecraft:wooden_axe":1,"hexerei:animal_fat":3,"minecraft:stick":27,"minecraft:feather":1,"minecraft:chicken":1,"world:crystal_9":1,"alexsmobs:acacia_blossom":5,"minecraft:acacia_log":40,"minecraft:potato":1,"minecraft:sand":4,"minecraft:porkchop":5,"minecraft:oak_log":7,"tombstone:grave_dust":2,"minecraft:string":2,"minecraft:dirt":16,"world:oak":2,"hexerei:sage_seed":5,"minecraft:arrow":2,"minecraft:rotten_flesh":1,"waystones:waystone":1,"minecraft:wheat_seeds":4,"minecraft:acacia_sapling":13,"minecraft:cobblestone":22},"minecraft:used":{"waystones:waystone":3,"minecraft:apple":2,"minecraft:bread":6,"minecraft:wooden_pickaxe":23,"minecraft:stone_hoe":1,"minecraft:stone_axe":34,"minecraft:dirt":16,"minecraft:cobblestone":1,"minecraft:crafting_table":2,"minecraft:furnace":2,"minecraft:cooked_porkchop":5,"minecraft:potato":1,"minecraft:acacia_planks":30},"minecraft:crafted":{"minecraft:oak_planks":24,"minecraft:cooked_porkchop":5,"minecraft:crafting_table":2,"minecraft:stick":8,"minecraft:wooden_pickaxe":1,"minecraft:furnace":2,"minecraft:acacia_planks":100,"minecraft:stone_hoe":1,"minecraft:stone_axe":1,"minecraft:air":0},"minecraft:killed_by":{"minecraft:creeper":1,"minecraft:zombie":1},"minecraft:dropped":{"minecraft:bread":60,"waystones:waystone":9},"minecraft:custom":{"minecraft:time_since_rest":346,"minecraft:waystone_activated":3,"minecraft:interact_with_furnace":10,"minecraft:sprint_one_cm":133519,"minecraft:damage_taken":1359,"minecraft:walk_one_cm":51389,"minecraft:mob_kills":9,"minecraft:drop":6,"minecraft:damage_dealt":1801,"minecraft:swim_one_cm":73508,"minecraft:player_kills":1,"minecraft:interact_with_crafting_table":6,"minecraft:fly_one_cm":190815,"minecraft:open_barrel":2,"minecraft:open_chest":2,"minecraft:crouch_one_cm":7341,"minecraft:play_time":41367,"tombstone:undead_killed":4,"minecraft:deaths":3,"minecraft:sneak_time":2330,"minecraft:walk_under_water_one_cm":2495,"minecraft:jump":808,"minecraft:walk_on_water_one_cm":7757,"minecraft:time_since_death":2301,"minecraft:climb_one_cm":1652,"minecraft:total_world_time":41367,"minecraft:fall_one_cm":20196},"minecraft:mined":{"minecraft:grass":16,"minecraft:acacia_log":3,"minecraft:grass_block":3,"minecraft:sand":4,"minecraft:dirt":13,"minecraft:cobblestone":1,"minecraft:tall_grass":10,"world:oak":2,"minecraft:stone":21}},"DataVersion":3465}