{"stats":{"minecraft:picked_up":{"minecraft:wheat_seeds":2,"minecraft:acacia_log":2},"minecraft:used":{"waystones:waystone":2},"minecraft:crafted":{"minecraft:acacia_planks":8},"minecraft:custom":{"minecraft:jump":20,"minecraft:time_since_rest":5367,"minecraft:waystone_activated":2,"minecraft:crouch_one_cm":1073,"minecraft:sprint_one_cm":1986,"minecraft:play_time":5367,"minecraft:time_since_death":5367,"minecraft:walk_one_cm":2386,"minecraft:sneak_time":254,"minecraft:total_world_time":5367,"minecraft:fall_one_cm":418,"minecraft:fly_one_cm":3286},"minecraft:mined":{"minecraft:grass":3,"minecraft:tall_grass":9,"minecraft:acacia_log":2}},"DataVersion":3465}