{"stats":{"minecraft:broken":{"minecraft:stone_hoe":1,"minecraft:stone_axe":1},"minecraft:custom":{"minecraft:mob_kills":68,"minecraft:interact_with_crafting_table":24,"minecraft:open_barrel":8,"minecraft:leave_game":5,"minecraft:time_since_death":23624,"minecraft:climb_one_cm":20974,"minecraft:sprint_one_cm":477604,"minecraft:walk_one_cm":437778,"minecraft:damage_blocked_by_shield":160,"minecraft:drop":9,"minecraft:talked_to_villager":3,"minecraft:play_time":166334,"minecraft:deaths":9,"minecraft:sneak_time":6671,"minecraft:walk_under_water_one_cm":3901,"minecraft:jump":3181,"minecraft:walk_on_water_one_cm":10399,"minecraft:total_world_time":166334,"minecraft:interact_with_furnace":20,"minecraft:sleep_in_bed":8,"minecraft:time_since_rest":7653,"minecraft:waystone_activated":4,"minecraft:damage_taken":5134,"minecraft:damage_dealt":13100,"minecraft:swim_one_cm":73760,"minecraft:fly_one_cm":758573,"minecraft:player_kills":1,"minecraft:open_chest":30,"minecraft:crouch_one_cm":25560,"tombstone:undead_killed":11,"minecraft:fall_one_cm":81368},"minecraft:dropped":{"minecraft:bread":60,"minecraft:cornflower":1,"alexsmobs:acacia_blossom":5,"minecraft:oak_planks":1,"waystones:waystone":9},"minecraft:killed_by":{"minecraft:player":1,"minecraft:creeper":1,"duckensinvasion:footsoldier_duck":3,"minecraft:skeleton":1,"minecraft:zombie":2},"minecraft:used":{"minecraft:stone_sword":80,"minecraft:stone_shovel":113,"minecraft:ladder":8,"minecraft:chest":2,"minecraft:shield":6,"minecraft:stone_hoe":177,"minecraft:dirt":184,"minecraft:carrot":40,"minecraft:wooden_axe":2,"minecraft:villager_spawn_egg":3,"world:oak":2,"minecraft:furnace":5,"minecraft:oak_sapling":3,"tombstone:gift":2,"minecraft:egg":2,"minecraft:potato":92,"minecraft:acacia_planks":74,"minecraft:pumpkin":3,"minecraft:wheat_seeds":103,"mca:male_villager_spawn_egg":2,"minecraft:water_bucket":2,"minecraft:stone_pickaxe":63,"minecraft:baked_potato":6,"minecraft:leather_chestplate":1,"minecraft:wooden_pickaxe":43,"minecraft:crafting_table":5,"mca:female_villager_spawn_egg":2,"minecraft:white_bed":1,"minecraft:oak_log":1,"waystones:waystone":3,"minecraft:apple":4,"minecraft:bread":30,"tombstone:grave_key":1,"minecraft:gravel":3,"minecraft:stone_axe":111,"minecraft:cobblestone":7,"minecraft:cooked_porkchop":5,"minecraft:bucket":1,"minecraft:yellow_bed":1,"minecraft:bone_meal":24},"minecraft:crafted":{"minecraft:oak_planks":104,"minecraft:stone_shovel":1,"minecraft:furnace":5,"minecraft:bone_meal":24,"minecraft:ladder":12,"minecraft:stone_pickaxe":1,"minecraft:chest":2,"minecraft:stone_hoe":3,"minecraft:wheat":36,"minecraft:cooked_porkchop":5,"minecraft:crafting_table":5,"minecraft:wooden_pickaxe":1,"minecraft:baked_potato":6,"minecraft:stone_axe":3,"minecraft:bread":22,"minecraft:air":0,"minecraft:stick":16,"minecraft:stone_sword":1,"minecraft:acacia_planks":100},"minecraft:picked_up":{"minecraft:wooden_axe":1,"minecraft:wheat":31,"minecraft:chicken":1,"minecraft:ladder":2,"minecraft:lead":3,"minecraft:wooden_pickaxe":1,"minecraft:shield":3,"minecraft:cornflower":2,"minecraft:string":2,"minecraft:white_carpet":2,"minecraft:beetroot":2,"minecraft:poppy":1,"minecraft:egg":1,"minecraft:raw_iron":3,"minecraft:stick":44,"minecraft:acacia_log":40,"minecraft:porkchop":5,"tombstone:grave_dust":3,"minecraft:carrot":25,"hexerei:sage_seed":15,"minecraft:arrow":20,"minecraft:rotten_flesh":7,"minecraft:beetroot_seeds":3,"minecraft:hay_block":4,"duckensinvasion:duck_feather":13,"minecraft:cobblestone":90,"minecraft:pink_petals":1,"minecraft:feather":1,"alexsmobs:acacia_blossom":10,"minecraft:potato":102,"minecraft:oak_log":47,"minecraft:yellow_bed":1,"minecraft:dirt":205,"minecraft:bone":8,"minecraft:apple":2,"minecraft:wheat_seeds":107,"minecraft:iron_ingot":5,"minecraft:oak_planks":2,"minecraft:acacia_sapling":13,"hexerei:animal_fat":3,"world:crystal_10":1,"minecraft:pumpkin":3,"world:crystal_9":2,"minecraft:gravel":3,"minecraft:sand":4,"minecraft:white_bed":1,"world:oak":2,"waystones:waystone":2,"minecraft:cherry_sapling":1,"minecraft:oak_sapling":12},"minecraft:mined":{"minecraft:white_bed":1,"minecraft:oak_sapling":1,"minecraft:ladder":1,"minecraft:glow_lichen":2,"minecraft:acacia_log":3,"minecraft:grass_block":84,"world:oak":2,"minecraft:spruce_leaves":2,"minecraft:hay_block":4,"minecraft:carrots":8,"minecraft:iron_ore":3,"minecraft:pumpkin":2,"minecraft:potatoes":26,"minecraft:stone":85,"minecraft:dandelion":1,"minecraft:cornflower":1,"minecraft:poppy":1,"minecraft:tall_grass":50,"minecraft:cobblestone":4,"minecraft:oak_planks":1,"minecraft:pink_petals":1,"minecraft:wheat":34,"minecraft:yellow_bed":1,"minecraft:grass":86,"minecraft:oak_log":2,"minecraft:beetroots":2,"minecraft:gravel":3,"minecraft:sand":4,"minecraft:dirt":53,"minecraft:oak_leaves":14},"minecraft:killed":{"duckensinvasion:footsoldier_duck":12,"minecraft:spider":2,"duckensinvasion:raptor_duck":5,"world:dryad":2,"minecraft:skeleton":4,"duckensinvasion:armoured_duck":8,"minecraft:chicken":1,"duckensinvasion:archer_duck":16,"duckensinvasion:commaner_duckfighting":5,"world:goblin":1,"minecraft:pig":3,"world:dragonfly_2":1,"minecraft:zombie":7}},"DataVersion":3465}