{"stats":{"minecraft:killed":{"duckensinvasion:footsoldier_duck":12,"world:goblin":1,"minecraft:pig":3,"minecraft:spider":2,"duckensinvasion:raptor_duck":5,"world:dryad":1,"minecraft:skeleton":4,"minecraft:zombie":7,"duckensinvasion:armoured_duck":8,"minecraft:chicken":1,"duckensinvasion:archer_duck":15,"duckensinvasion:commaner_duckfighting":5},"minecraft:killed_by":{"minecraft:player":1,"minecraft:skeleton":1,"minecraft:creeper":1,"minecraft:zombie":2,"duckensinvasion:footsoldier_duck":3},"minecraft:crafted":{"minecraft:oak_planks":104,"minecraft:stone_shovel":1,"minecraft:cooked_porkchop":5,"minecraft:crafting_table":5,"minecraft:baked_potato":6,"minecraft:wooden_pickaxe":1,"minecraft:furnace":5,"minecraft:bone_meal":24,"minecraft:stone_axe":3,"minecraft:bread":8,"minecraft:air":0,"minecraft:ladder":12,"minecraft:stick":16,"minecraft:stone_pickaxe":1,"minecraft:stone_sword":1,"minecraft:chest":2,"minecraft:acacia_planks":100,"minecraft:stone_hoe":3},"minecraft:custom":{"minecraft:interact_with_furnace":19,"minecraft:mob_kills":64,"minecraft:interact_with_crafting_table":22,"minecraft:open_barrel":8,"minecraft:leave_game":5,"minecraft:time_since_death":6105,"minecraft:sleep_in_bed":7,"minecraft:climb_one_cm":19738,"minecraft:time_since_rest":5626,"minecraft:waystone_activated":4,"minecraft:sprint_one_cm":426902,"minecraft:damage_taken":4739,"minecraft:walk_one_cm":333913,"minecraft:damage_blocked_by_shield":160,"minecraft:drop":9,"minecraft:damage_dealt":12405,"minecraft:swim_one_cm":73760,"minecraft:talked_to_villager":2,"minecraft:fly_one_cm":684608,"minecraft:player_kills":1,"minecraft:open_chest":27,"minecraft:play_time":148815,"minecraft:crouch_one_cm":23019,"tombstone:undead_killed":11,"minecraft:deaths":9,"minecraft:sneak_time":6144,"minecraft:walk_under_water_one_cm":3901,"minecraft:jump":2778,"minecraft:walk_on_water_one_cm":10399,"minecraft:total_world_time":148815,"minecraft:fall_one_cm":68618},"minecraft:broken":{"minecraft:stone_axe":1,"minecraft:stone_hoe":1},"minecraft:used":{"minecraft:water_bucket":2,"minecraft:wheat_seeds":80,"mca:male_villager_spawn_egg":2,"minecraft:stone_sword":65,"minecraft:stone_pickaxe":63,"minecraft:stone_shovel":113,"minecraft:ladder":8,"minecraft:shield":6,"minecraft:chest":2,"minecraft:wooden_pickaxe":43,"minecraft:stone_hoe":177,"minecraft:dirt":156,"minecraft:crafting_table":5,"mca:female_villager_spawn_egg":2,"minecraft:carrot":40,"minecraft:white_bed":1,"waystones:waystone":3,"minecraft:wooden_axe":2,"minecraft:apple":4,"minecraft:villager_spawn_egg":3,"minecraft:bread":28,"tombstone:grave_key":1,"minecraft:stone_axe":111,"minecraft:gravel":3,"world:oak":2,"minecraft:cobblestone":7,"minecraft:oak_sapling":3,"minecraft:furnace":5,"minecraft:cooked_porkchop":5,"minecraft:bucket":1,"tombstone:gift":2,"minecraft:yellow_bed":1,"minecraft:egg":1,"minecraft:potato":69,"minecraft:acacia_planks":74,"minecraft:bone_meal":11},"minecraft:mined":{"minecraft:white_bed":1,"minecraft:oak_sapling":1,"minecraft:dandelion":1,"minecraft:cornflower":1,"minecraft:glow_lichen":2,"minecraft:ladder":1,"minecraft:acacia_log":3,"minecraft:grass_block":78,"minecraft:poppy":1,"minecraft:tall_grass":50,"minecraft:cobblestone":4,"world:oak":2,"minecraft:oak_planks":1,"minecraft:pink_petals":1,"minecraft:carrots":8,"minecraft:iron_ore":3,"minecraft:wheat":28,"minecraft:yellow_bed":1,"minecraft:grass":83,"minecraft:potatoes":17,"minecraft:oak_log":1,"minecraft:beetroots":2,"minecraft:gravel":3,"minecraft:sand":4,"minecraft:dirt":51,"minecraft:stone":85,"minecraft:oak_leaves":1},"minecraft:dropped":{"minecraft:bread":60,"alexsmobs:acacia_blossom":5,"minecraft:oak_planks":1,"minecraft:cornflower":1,"waystones:waystone":9},"minecraft:picked_up":{"minecraft:wooden_axe":1,"minecraft:pink_petals":1,"minecraft:wheat":25,"minecraft:feather":1,"minecraft:chicken":1,"minecraft:ladder":2,"alexsmobs:acacia_blossom":10,"minecraft:wooden_pickaxe":1,"minecraft:potato":67,"minecraft:oak_log":46,"minecraft:yellow_bed":1,"minecraft:shield":3,"minecraft:cornflower":2,"minecraft:dirt":177,"minecraft:string":2,"minecraft:white_carpet":2,"minecraft:bone":8,"minecraft:apple":2,"minecraft:beetroot":2,"minecraft:wheat_seeds":87,"minecraft:poppy":1,"minecraft:acacia_sapling":13,"minecraft:oak_planks":2,"world:crystal_10":1,"hexerei:animal_fat":3,"minecraft:stick":44,"minecraft:raw_iron":3,"world:crystal_9":1,"minecraft:acacia_log":40,"minecraft:gravel":3,"minecraft:porkchop":5,"minecraft:sand":4,"tombstone:grave_dust":2,"minecraft:white_bed":1,"minecraft:carrot":25,"world:oak":2,"hexerei:sage_seed":15,"minecraft:arrow":10,"minecraft:rotten_flesh":7,"minecraft:beetroot_seeds":3,"waystones:waystone":2,"minecraft:cherry_sapling":1,"duckensinvasion:duck_feather":13,"minecraft:oak_sapling":10,"minecraft:cobblestone":90}},"DataVersion":3465}