{"stats":{"minecraft:killed":{"minecraft:pig":3},"minecraft:picked_up":{"hexerei:animal_fat":3,"minecraft:stick":21,"alexsmobs:acacia_blossom":3,"minecraft:acacia_log":32,"minecraft:porkchop":5,"minecraft:oak_log":6,"minecraft:dirt":15,"minecraft:wheat_seeds":3,"minecraft:acacia_sapling":10,"minecraft:cobblestone":21},"minecraft:used":{"waystones:waystone":2,"minecraft:wooden_pickaxe":21,"minecraft:stone_axe":11,"minecraft:crafting_table":1,"minecraft:furnace":1,"minecraft:cooked_porkchop":2},"minecraft:crafted":{"minecraft:oak_planks":24,"minecraft:cooked_porkchop":4,"minecraft:crafting_table":1,"minecraft:stick":4,"minecraft:wooden_pickaxe":1,"minecraft:furnace":1,"minecraft:acacia_planks":12,"minecraft:stone_axe":1,"minecraft:air":0},"minecraft:killed_by":{"minecraft:zombie":1},"minecraft:custom":{"minecraft:time_since_rest":144,"minecraft:waystone_activated":2,"minecraft:interact_with_furnace":7,"minecraft:sprint_one_cm":17154,"minecraft:damage_taken":380,"minecraft:walk_one_cm":13751,"minecraft:mob_kills":3,"minecraft:damage_dealt":300,"minecraft:interact_with_crafting_table":4,"minecraft:fly_one_cm":24583,"minecraft:crouch_one_cm":4824,"minecraft:play_time":17367,"minecraft:deaths":1,"minecraft:sneak_time":1784,"minecraft:jump":144,"minecraft:time_since_death":0,"minecraft:total_world_time":17367,"minecraft:fall_one_cm":2775},"minecraft:mined":{"minecraft:grass":16,"minecraft:acacia_log":3,"minecraft:grass_block":3,"minecraft:dirt":12,"minecraft:tall_grass":10,"minecraft:stone":21}},"DataVersion":3465}