{"stats":{"minecraft:killed":{"world:goblin":1,"minecraft:pig":3,"minecraft:spider":1,"minecraft:skeleton":3,"minecraft:zombie":5,"minecraft:chicken":1},"minecraft:killed_by":{"minecraft:creeper":1,"minecraft:zombie":2},"minecraft:crafted":{"minecraft:oak_planks":28,"minecraft:stone_shovel":1,"minecraft:cooked_porkchop":5,"minecraft:crafting_table":4,"minecraft:wooden_pickaxe":1,"minecraft:furnace":5,"minecraft:stone_axe":2,"minecraft:air":0,"minecraft:ladder":12,"minecraft:stick":12,"minecraft:stone_pickaxe":1,"minecraft:chest":1,"minecraft:acacia_planks":100,"minecraft:stone_hoe":1},"minecraft:custom":{"minecraft:interact_with_furnace":10,"minecraft:mob_kills":14,"minecraft:interact_with_crafting_table":13,"minecraft:open_barrel":2,"minecraft:leave_game":2,"minecraft:time_since_death":21929,"minecraft:sleep_in_bed":5,"minecraft:climb_one_cm":7377,"minecraft:time_since_rest":7191,"minecraft:waystone_activated":4,"minecraft:sprint_one_cm":254333,"minecraft:damage_taken":2269,"minecraft:walk_one_cm":105248,"minecraft:drop":9,"minecraft:damage_dealt":3066,"minecraft:swim_one_cm":73508,"minecraft:talked_to_villager":2,"minecraft:fly_one_cm":363063,"minecraft:player_kills":1,"minecraft:open_chest":5,"minecraft:crouch_one_cm":17459,"minecraft:play_time":77210,"tombstone:undead_killed":8,"minecraft:deaths":4,"minecraft:sneak_time":5074,"minecraft:walk_under_water_one_cm":2495,"minecraft:jump":1562,"minecraft:walk_on_water_one_cm":7914,"minecraft:total_world_time":77210,"minecraft:fall_one_cm":37533},"minecraft:broken":{"minecraft:stone_axe":1},"minecraft:used":{"mca:male_villager_spawn_egg":2,"minecraft:stone_pickaxe":51,"minecraft:stone_shovel":17,"minecraft:ladder":8,"minecraft:chest":1,"minecraft:wooden_pickaxe":43,"minecraft:stone_hoe":1,"minecraft:dirt":38,"minecraft:crafting_table":4,"mca:female_villager_spawn_egg":2,"minecraft:white_bed":1,"waystones:waystone":3,"minecraft:wooden_axe":2,"minecraft:apple":2,"minecraft:villager_spawn_egg":3,"minecraft:bread":20,"minecraft:gravel":3,"minecraft:stone_axe":54,"world:oak":2,"minecraft:cobblestone":5,"minecraft:furnace":5,"minecraft:cooked_porkchop":5,"minecraft:yellow_bed":1,"minecraft:egg":1,"minecraft:potato":1,"minecraft:acacia_planks":74},"minecraft:mined":{"minecraft:white_bed":1,"minecraft:dandelion":1,"minecraft:cornflower":1,"minecraft:glow_lichen":2,"minecraft:ladder":1,"minecraft:acacia_log":3,"minecraft:grass_block":3,"minecraft:poppy":1,"minecraft:tall_grass":27,"minecraft:cobblestone":2,"world:oak":2,"minecraft:oak_planks":1,"minecraft:pink_petals":1,"minecraft:iron_ore":3,"minecraft:yellow_bed":1,"minecraft:grass":24,"minecraft:gravel":3,"minecraft:sand":4,"minecraft:dirt":36,"minecraft:stone":75},"minecraft:dropped":{"minecraft:bread":60,"alexsmobs:acacia_blossom":5,"minecraft:oak_planks":1,"minecraft:cornflower":1,"waystones:waystone":9},"minecraft:picked_up":{"minecraft:wooden_axe":1,"minecraft:pink_petals":1,"minecraft:feather":1,"minecraft:chicken":1,"minecraft:ladder":1,"alexsmobs:acacia_blossom":10,"minecraft:wooden_pickaxe":1,"minecraft:potato":1,"minecraft:oak_log":7,"minecraft:yellow_bed":1,"minecraft:cornflower":2,"minecraft:dirt":58,"minecraft:string":2,"minecraft:wheat_seeds":6,"minecraft:poppy":1,"minecraft:oak_planks":2,"minecraft:acacia_sapling":13,"hexerei:animal_fat":3,"minecraft:stick":27,"minecraft:raw_iron":3,"world:crystal_9":1,"minecraft:acacia_log":40,"minecraft:gravel":3,"minecraft:porkchop":5,"minecraft:sand":4,"tombstone:grave_dust":2,"minecraft:white_bed":1,"world:oak":2,"hexerei:sage_seed":5,"minecraft:arrow":4,"minecraft:rotten_flesh":5,"waystones:waystone":2,"minecraft:cobblestone":77}},"DataVersion":3465}