{"stats":{"minecraft:killed":{"duckensinvasion:footsoldier_duck":12,"world:goblin":1,"minecraft:pig":3,"minecraft:spider":2,"duckensinvasion:raptor_duck":5,"minecraft:skeleton":4,"minecraft:zombie":7,"duckensinvasion:armoured_duck":7,"minecraft:chicken":1,"duckensinvasion:archer_duck":13,"duckensinvasion:commaner_duckfighting":4},"minecraft:killed_by":{"minecraft:skeleton":1,"minecraft:creeper":1,"minecraft:zombie":2,"duckensinvasion:footsoldier_duck":3},"minecraft:crafted":{"minecraft:oak_planks":104,"minecraft:stone_shovel":1,"minecraft:cooked_porkchop":5,"minecraft:crafting_table":5,"minecraft:wooden_pickaxe":1,"minecraft:furnace":5,"minecraft:stone_axe":2,"minecraft:bread":5,"minecraft:air":0,"minecraft:ladder":12,"minecraft:stick":16,"minecraft:stone_pickaxe":1,"minecraft:stone_sword":1,"minecraft:chest":2,"minecraft:acacia_planks":100,"minecraft:stone_hoe":2},"minecraft:custom":{"minecraft:interact_with_furnace":15,"minecraft:mob_kills":59,"minecraft:interact_with_crafting_table":18,"minecraft:open_barrel":8,"minecraft:leave_game":5,"minecraft:time_since_death":5256,"minecraft:sleep_in_bed":5,"minecraft:climb_one_cm":14073,"minecraft:time_since_rest":5021,"minecraft:waystone_activated":4,"minecraft:sprint_one_cm":348617,"minecraft:damage_taken":4309,"minecraft:walk_one_cm":206379,"minecraft:damage_blocked_by_shield":160,"minecraft:drop":9,"minecraft:damage_dealt":11327,"minecraft:swim_one_cm":73760,"minecraft:talked_to_villager":2,"minecraft:fly_one_cm":593585,"minecraft:player_kills":1,"minecraft:open_chest":18,"minecraft:play_time":124815,"minecraft:crouch_one_cm":18765,"tombstone:undead_killed":11,"minecraft:deaths":8,"minecraft:sneak_time":5395,"minecraft:walk_under_water_one_cm":2950,"minecraft:jump":2297,"minecraft:walk_on_water_one_cm":9113,"minecraft:total_world_time":124815,"minecraft:fall_one_cm":56250},"minecraft:broken":{"minecraft:stone_axe":1},"minecraft:used":{"minecraft:wheat_seeds":21,"mca:male_villager_spawn_egg":2,"minecraft:stone_sword":37,"minecraft:stone_pickaxe":63,"minecraft:stone_shovel":27,"minecraft:ladder":8,"minecraft:shield":6,"minecraft:chest":2,"minecraft:wooden_pickaxe":43,"minecraft:stone_hoe":3,"minecraft:dirt":51,"minecraft:crafting_table":5,"mca:female_villager_spawn_egg":2,"minecraft:carrot":40,"minecraft:white_bed":1,"waystones:waystone":3,"minecraft:wooden_axe":2,"minecraft:apple":2,"minecraft:villager_spawn_egg":3,"minecraft:bread":25,"tombstone:grave_key":1,"minecraft:stone_axe":106,"minecraft:gravel":3,"world:oak":2,"minecraft:cobblestone":7,"minecraft:oak_sapling":3,"minecraft:furnace":5,"minecraft:cooked_porkchop":5,"tombstone:gift":2,"minecraft:yellow_bed":1,"minecraft:egg":1,"minecraft:potato":28,"minecraft:acacia_planks":74},"minecraft:mined":{"minecraft:white_bed":1,"minecraft:dandelion":1,"minecraft:cornflower":1,"minecraft:glow_lichen":2,"minecraft:ladder":1,"minecraft:acacia_log":3,"minecraft:grass_block":3,"minecraft:poppy":1,"minecraft:tall_grass":31,"minecraft:cobblestone":4,"world:oak":2,"minecraft:oak_planks":1,"minecraft:pink_petals":1,"minecraft:carrots":8,"minecraft:iron_ore":3,"minecraft:wheat":24,"minecraft:yellow_bed":1,"minecraft:grass":32,"minecraft:potatoes":5,"minecraft:oak_log":1,"minecraft:beetroots":2,"minecraft:gravel":3,"minecraft:sand":4,"minecraft:dirt":49,"minecraft:stone":85},"minecraft:dropped":{"minecraft:bread":60,"alexsmobs:acacia_blossom":5,"minecraft:oak_planks":1,"minecraft:cornflower":1,"waystones:waystone":9},"minecraft:picked_up":{"minecraft:wooden_axe":1,"minecraft:pink_petals":1,"minecraft:wheat":24,"minecraft:feather":1,"minecraft:chicken":1,"minecraft:ladder":2,"alexsmobs:acacia_blossom":10,"minecraft:wooden_pickaxe":1,"minecraft:potato":20,"minecraft:oak_log":26,"minecraft:yellow_bed":1,"minecraft:shield":3,"minecraft:cornflower":2,"minecraft:dirt":72,"minecraft:string":2,"minecraft:white_carpet":2,"minecraft:beetroot":2,"minecraft:wheat_seeds":72,"minecraft:poppy":1,"minecraft:acacia_sapling":13,"minecraft:oak_planks":2,"hexerei:animal_fat":3,"minecraft:stick":34,"minecraft:raw_iron":3,"world:crystal_9":1,"minecraft:acacia_log":40,"minecraft:gravel":3,"minecraft:porkchop":5,"minecraft:sand":4,"tombstone:grave_dust":2,"minecraft:white_bed":1,"minecraft:carrot":25,"world:oak":2,"hexerei:sage_seed":6,"minecraft:arrow":10,"minecraft:rotten_flesh":7,"minecraft:beetroot_seeds":3,"waystones:waystone":2,"minecraft:cherry_sapling":1,"duckensinvasion:duck_feather":9,"minecraft:oak_sapling":3,"minecraft:cobblestone":89}},"DataVersion":3465}