{"stats":{"minecraft:killed":{"minecraft:skeleton":2,"minecraft:zombie":2,"minecraft:pig":3,"minecraft:chicken":1,"minecraft:spider":1},"minecraft:picked_up":{"hexerei:animal_fat":3,"minecraft:stick":27,"minecraft:feather":1,"minecraft:chicken":1,"alexsmobs:acacia_blossom":5,"minecraft:acacia_log":40,"minecraft:potato":1,"minecraft:sand":4,"minecraft:porkchop":5,"minecraft:oak_log":6,"tombstone:grave_dust":2,"minecraft:string":2,"minecraft:dirt":16,"hexerei:sage_seed":5,"minecraft:arrow":2,"minecraft:rotten_flesh":1,"minecraft:wheat_seeds":4,"minecraft:acacia_sapling":13,"minecraft:cobblestone":21},"minecraft:used":{"waystones:waystone":2,"minecraft:wooden_pickaxe":21,"minecraft:stone_hoe":1,"minecraft:stone_axe":30,"minecraft:dirt":16,"minecraft:crafting_table":2,"minecraft:furnace":2,"minecraft:cooked_porkchop":5,"minecraft:potato":1},"minecraft:crafted":{"minecraft:oak_planks":24,"minecraft:cooked_porkchop":5,"minecraft:crafting_table":2,"minecraft:stick":8,"minecraft:wooden_pickaxe":1,"minecraft:furnace":2,"minecraft:acacia_planks":12,"minecraft:stone_hoe":1,"minecraft:stone_axe":1,"minecraft:air":0},"minecraft:killed_by":{"minecraft:creeper":1,"minecraft:zombie":1},"minecraft:dropped":{"minecraft:bread":60,"waystones:waystone":9},"minecraft:custom":{"minecraft:time_since_rest":9529,"minecraft:waystone_activated":2,"minecraft:interact_with_furnace":10,"minecraft:sprint_one_cm":59789,"minecraft:damage_taken":919,"minecraft:walk_one_cm":33956,"minecraft:mob_kills":9,"minecraft:drop":6,"minecraft:damage_dealt":1621,"minecraft:swim_one_cm":12664,"minecraft:player_kills":1,"minecraft:interact_with_crafting_table":6,"minecraft:fly_one_cm":118157,"minecraft:crouch_one_cm":5379,"minecraft:play_time":29367,"tombstone:undead_killed":4,"minecraft:deaths":2,"minecraft:sneak_time":1959,"minecraft:walk_under_water_one_cm":345,"minecraft:jump":454,"minecraft:walk_on_water_one_cm":1355,"minecraft:time_since_death":9711,"minecraft:total_world_time":29367,"minecraft:fall_one_cm":10833},"minecraft:mined":{"minecraft:grass":16,"minecraft:acacia_log":3,"minecraft:grass_block":3,"minecraft:sand":4,"minecraft:dirt":13,"minecraft:tall_grass":10,"minecraft:stone":21}},"DataVersion":3465}